/*
MySQL Backup
Database: test
Backup Time: 2024-10-27 11:08:14
*/

SET FOREIGN_KEY_CHECKS=0;
DROP TABLE IF EXISTS `test`.`ai_admin`;
DROP TABLE IF EXISTS `test`.`ai_barrage`;
DROP TABLE IF EXISTS `test`.`ai_book`;
DROP TABLE IF EXISTS `test`.`ai_room`;
DROP TABLE IF EXISTS `test`.`auth_group`;
DROP TABLE IF EXISTS `test`.`auth_group_permissions`;
DROP TABLE IF EXISTS `test`.`auth_permission`;
DROP TABLE IF EXISTS `test`.`auth_user`;
DROP TABLE IF EXISTS `test`.`auth_user_groups`;
DROP TABLE IF EXISTS `test`.`auth_user_user_permissions`;
DROP TABLE IF EXISTS `test`.`django_admin_log`;
DROP TABLE IF EXISTS `test`.`django_content_type`;
DROP TABLE IF EXISTS `test`.`django_migrations`;
DROP TABLE IF EXISTS `test`.`django_session`;
DROP TABLE IF EXISTS `test`.`room_id`;
CREATE TABLE `ai_admin` (
  `id` bigint NOT NULL AUTO_INCREMENT,
  `user_name` varchar(64) NOT NULL,
  `user_email` varchar(64) NOT NULL,
  `pass_word` varchar(64) NOT NULL,
  PRIMARY KEY (`id`)
) ENGINE=InnoDB AUTO_INCREMENT=9 DEFAULT CHARSET=utf8mb4 COLLATE=utf8mb4_0900_ai_ci;
CREATE TABLE `ai_barrage` (
  `id` bigint NOT NULL AUTO_INCREMENT,
  `rood_id` int DEFAULT NULL,
  `name` varchar(255) DEFAULT NULL,
  `content` longtext,
  `nature_of_words` varchar(255) DEFAULT NULL,
  PRIMARY KEY (`id`)
) ENGINE=InnoDB AUTO_INCREMENT=1784 DEFAULT CHARSET=utf8mb4 COLLATE=utf8mb4_0900_ai_ci;
CREATE TABLE `ai_book` (
  `id` bigint NOT NULL AUTO_INCREMENT,
  `title` varchar(100) NOT NULL,
  `author` varchar(100) NOT NULL,
  `publication_date` date NOT NULL,
  PRIMARY KEY (`id`)
) ENGINE=InnoDB DEFAULT CHARSET=utf8mb4 COLLATE=utf8mb4_0900_ai_ci;
CREATE TABLE `ai_room` (
  `id` bigint NOT NULL AUTO_INCREMENT,
  `rood_id` int DEFAULT NULL,
  PRIMARY KEY (`id`)
) ENGINE=InnoDB AUTO_INCREMENT=13 DEFAULT CHARSET=utf8mb4 COLLATE=utf8mb4_0900_ai_ci;
CREATE TABLE `auth_group` (
  `id` int NOT NULL AUTO_INCREMENT,
  `name` varchar(150) NOT NULL,
  PRIMARY KEY (`id`),
  UNIQUE KEY `name` (`name`)
) ENGINE=InnoDB DEFAULT CHARSET=utf8mb4 COLLATE=utf8mb4_0900_ai_ci;
CREATE TABLE `auth_group_permissions` (
  `id` bigint NOT NULL AUTO_INCREMENT,
  `group_id` int NOT NULL,
  `permission_id` int NOT NULL,
  PRIMARY KEY (`id`),
  UNIQUE KEY `auth_group_permissions_group_id_permission_id_0cd325b0_uniq` (`group_id`,`permission_id`),
  KEY `auth_group_permissio_permission_id_84c5c92e_fk_auth_perm` (`permission_id`),
  CONSTRAINT `auth_group_permissio_permission_id_84c5c92e_fk_auth_perm` FOREIGN KEY (`permission_id`) REFERENCES `auth_permission` (`id`),
  CONSTRAINT `auth_group_permissions_group_id_b120cbf9_fk_auth_group_id` FOREIGN KEY (`group_id`) REFERENCES `auth_group` (`id`)
) ENGINE=InnoDB DEFAULT CHARSET=utf8mb4 COLLATE=utf8mb4_0900_ai_ci;
CREATE TABLE `auth_permission` (
  `id` int NOT NULL AUTO_INCREMENT,
  `name` varchar(255) NOT NULL,
  `content_type_id` int NOT NULL,
  `codename` varchar(100) NOT NULL,
  PRIMARY KEY (`id`),
  UNIQUE KEY `auth_permission_content_type_id_codename_01ab375a_uniq` (`content_type_id`,`codename`),
  CONSTRAINT `auth_permission_content_type_id_2f476e4b_fk_django_co` FOREIGN KEY (`content_type_id`) REFERENCES `django_content_type` (`id`)
) ENGINE=InnoDB AUTO_INCREMENT=41 DEFAULT CHARSET=utf8mb4 COLLATE=utf8mb4_0900_ai_ci;
CREATE TABLE `auth_user` (
  `id` int NOT NULL AUTO_INCREMENT,
  `password` varchar(128) NOT NULL,
  `last_login` datetime(6) DEFAULT NULL,
  `is_superuser` tinyint(1) NOT NULL,
  `username` varchar(150) NOT NULL,
  `first_name` varchar(150) NOT NULL,
  `last_name` varchar(150) NOT NULL,
  `email` varchar(254) NOT NULL,
  `is_staff` tinyint(1) NOT NULL,
  `is_active` tinyint(1) NOT NULL,
  `date_joined` datetime(6) NOT NULL,
  PRIMARY KEY (`id`),
  UNIQUE KEY `username` (`username`)
) ENGINE=InnoDB DEFAULT CHARSET=utf8mb4 COLLATE=utf8mb4_0900_ai_ci;
CREATE TABLE `auth_user_groups` (
  `id` bigint NOT NULL AUTO_INCREMENT,
  `user_id` int NOT NULL,
  `group_id` int NOT NULL,
  PRIMARY KEY (`id`),
  UNIQUE KEY `auth_user_groups_user_id_group_id_94350c0c_uniq` (`user_id`,`group_id`),
  KEY `auth_user_groups_group_id_97559544_fk_auth_group_id` (`group_id`),
  CONSTRAINT `auth_user_groups_group_id_97559544_fk_auth_group_id` FOREIGN KEY (`group_id`) REFERENCES `auth_group` (`id`),
  CONSTRAINT `auth_user_groups_user_id_6a12ed8b_fk_auth_user_id` FOREIGN KEY (`user_id`) REFERENCES `auth_user` (`id`)
) ENGINE=InnoDB DEFAULT CHARSET=utf8mb4 COLLATE=utf8mb4_0900_ai_ci;
CREATE TABLE `auth_user_user_permissions` (
  `id` bigint NOT NULL AUTO_INCREMENT,
  `user_id` int NOT NULL,
  `permission_id` int NOT NULL,
  PRIMARY KEY (`id`),
  UNIQUE KEY `auth_user_user_permissions_user_id_permission_id_14a6b632_uniq` (`user_id`,`permission_id`),
  KEY `auth_user_user_permi_permission_id_1fbb5f2c_fk_auth_perm` (`permission_id`),
  CONSTRAINT `auth_user_user_permi_permission_id_1fbb5f2c_fk_auth_perm` FOREIGN KEY (`permission_id`) REFERENCES `auth_permission` (`id`),
  CONSTRAINT `auth_user_user_permissions_user_id_a95ead1b_fk_auth_user_id` FOREIGN KEY (`user_id`) REFERENCES `auth_user` (`id`)
) ENGINE=InnoDB DEFAULT CHARSET=utf8mb4 COLLATE=utf8mb4_0900_ai_ci;
CREATE TABLE `django_admin_log` (
  `id` int NOT NULL AUTO_INCREMENT,
  `action_time` datetime(6) NOT NULL,
  `object_id` longtext,
  `object_repr` varchar(200) NOT NULL,
  `action_flag` smallint unsigned NOT NULL,
  `change_message` longtext NOT NULL,
  `content_type_id` int DEFAULT NULL,
  `user_id` int NOT NULL,
  PRIMARY KEY (`id`),
  KEY `django_admin_log_content_type_id_c4bce8eb_fk_django_co` (`content_type_id`),
  KEY `django_admin_log_user_id_c564eba6_fk_auth_user_id` (`user_id`),
  CONSTRAINT `django_admin_log_content_type_id_c4bce8eb_fk_django_co` FOREIGN KEY (`content_type_id`) REFERENCES `django_content_type` (`id`),
  CONSTRAINT `django_admin_log_user_id_c564eba6_fk_auth_user_id` FOREIGN KEY (`user_id`) REFERENCES `auth_user` (`id`),
  CONSTRAINT `django_admin_log_chk_1` CHECK ((`action_flag` >= 0))
) ENGINE=InnoDB DEFAULT CHARSET=utf8mb4 COLLATE=utf8mb4_0900_ai_ci;
CREATE TABLE `django_content_type` (
  `id` int NOT NULL AUTO_INCREMENT,
  `app_label` varchar(100) NOT NULL,
  `model` varchar(100) NOT NULL,
  PRIMARY KEY (`id`),
  UNIQUE KEY `django_content_type_app_label_model_76bd3d3b_uniq` (`app_label`,`model`)
) ENGINE=InnoDB AUTO_INCREMENT=11 DEFAULT CHARSET=utf8mb4 COLLATE=utf8mb4_0900_ai_ci;
CREATE TABLE `django_migrations` (
  `id` bigint NOT NULL AUTO_INCREMENT,
  `app` varchar(255) NOT NULL,
  `name` varchar(255) NOT NULL,
  `applied` datetime(6) NOT NULL,
  PRIMARY KEY (`id`)
) ENGINE=InnoDB AUTO_INCREMENT=21 DEFAULT CHARSET=utf8mb4 COLLATE=utf8mb4_0900_ai_ci;
CREATE TABLE `django_session` (
  `session_key` varchar(40) NOT NULL,
  `session_data` longtext NOT NULL,
  `expire_date` datetime(6) NOT NULL,
  PRIMARY KEY (`session_key`),
  KEY `django_session_expire_date_a5c62663` (`expire_date`)
) ENGINE=InnoDB DEFAULT CHARSET=utf8mb4 COLLATE=utf8mb4_0900_ai_ci;
CREATE TABLE `room_id` (
  `id` int NOT NULL AUTO_INCREMENT,
  `rood_id` int DEFAULT NULL,
  PRIMARY KEY (`id`)
) ENGINE=InnoDB AUTO_INCREMENT=2 DEFAULT CHARSET=utf8mb4 COLLATE=utf8mb4_0900_ai_ci;
BEGIN;
LOCK TABLES `test`.`ai_admin` WRITE;
DELETE FROM `test`.`ai_admin`;
INSERT INTO `test`.`ai_admin` (`id`,`user_name`,`user_email`,`pass_word`) VALUES (2, 'admin', '1766789972@qq.com', 'admin'),(6, 'test', 'test@qq.com', 'test'),(8, 'name', '1766789972@qq.com', '123');
UNLOCK TABLES;
COMMIT;
BEGIN;
LOCK TABLES `test`.`ai_barrage` WRITE;
DELETE FROM `test`.`ai_barrage`;
INSERT INTO `test`.`ai_barrage` (`id`,`rood_id`,`name`,`content`,`nature_of_words`) VALUES (790, 6136246, '陨星传说', '赞', '字数不足'),(791, 31695236, '趴在牆角的薔薇', '對', '字数不足'),(792, 31695236, '锖兔只会白嫖', '会[花]', '中性'),(803, 23870434, '临空一笑', '[笑哭]', '正面'),(804, 23870434, '识别文字用', '怎么感觉我打的越好 队友摆的越厉害', '正面'),(805, 23870434, '五星市民大锤', '这是我见过最厉害的主播', '负面'),(806, 23870434, '临空一笑', '想笑', '正面'),(807, 23870434, '识别文字用', '6', '字数不足'),(808, 23870434, '秦欢欢v', '你牛就给你菜菜让你带娃', '中性'),(809, 23870434, '锖兔只会白嫖', '看看[花]', '中性'),(812, 23870434, '秦欢欢v', '你没瑶妹了[花]', '负面'),(813, 23870434, '锖兔只会白嫖', '没钱就白嫖[花]', '负面'),(814, 23870434, '逢魔时王Li', '这是我见过最厉害的主播', '负面'),(815, 23870434, '庚金子', '这是我见过最厉害的主播', '负面'),(816, 23870434, '秦欢欢v', '你都收敛了', '中性'),(817, 23870434, 'sc_lodestar', '这是我见过最厉害的主播', '负面'),(818, 23870434, '56311926862_bili', '这是我见过最厉害的主播', '负面'),(819, 23870434, '晨晨璇风', '这是我见过最厉害的主播', '负面'),(820, 23870434, '没人知s', '这是我见过最厉害的主播', '负面'),(821, 23870434, '71324861437_bili', '这是我见过最厉害的主播', '负面'),(822, 23870434, '天选之人丶丿丶', '这是我见过最厉害的主播', '负面'),(823, 23870434, '是墨阳城', '这是我见过最厉害的主播', '负面'),(824, 23870434, '绫等', '这是我见过最厉害的主播', '负面'),(825, 23870434, '是你的烤鹅吖', '这是我见过最厉害的主播', '负面'),(826, 23870434, '多多Giuliano', '这是我见过最厉害的主播', '负面'),(827, 23870434, '此时的聂', '这是我见过最厉害的主播', '负面'),(828, 23870434, '晨曦中喜欢你', '这是我见过最厉害的主播', '负面'),(829, 23870434, 'yiyi_单推王志华版', '这是我见过最厉害的主播', '负面'),(830, 23870434, '临空一笑', '想笑', '正面'),(831, 23870434, 'yiyi_单推王志华版', '？[dog]', '中性'),(832, 6136246, 'Yakult璃汐_', '手机', '中性'),(833, 23870434, '今天打卡英语没', '都可以', '中性'),(834, 23870434, 'PandaのQ', '怎么守家环节了', '中性'),(835, 23870434, 'PandaのQ', '嗯', '字数不足'),(836, 23159873, '再等四月十四', '精钢不坏铁黄泉', '正面'),(837, 23159873, '齐海海啊', '哈哈哈哈，我大号', '正面'),(838, 23159873, '齐海海啊', '打了那么久，最好的一套', '正面'),(839, 23159873, '再等四月十四', '[dog][dog]姐姐？', '正面'),(841, 23159873, '骨衣桑', '我也想玩，但是没人', '中性'),(842, 23159873, '樱七Sonnig', '这黄泉暴伤是暴击的4倍还多', '正面'),(843, 23159873, '齐海海啊', '你们可以放肆嘲笑我', '正面'),(844, 26298048, '如雪花般消逝', '啊哈哈哈哈哈 颁一个敬业奖', '正面'),(845, 23159873, '再等四月十四', '没事我面板没你好', '负面'),(846, 23870434, '七重只想睡觉', '表姐让我问下下把能不能上车', '负面'),(847, 23159873, '齐海海啊', '一身大防御', '正面'),(848, 23159873, '再等四月十四', '虽说没刷过遗器', '中性'),(849, 26298048, '你的背影我的追随', '我喜欢吃黄金鸡块', '负面'),(850, 23159873, '樱七Sonnig', '星铁看角色可以在群里直接@乃乃，乃乃是星铁百科全书', '正面'),(851, 23870434, '七重只想睡觉', '下把', '中性'),(852, 23159873, '齐海海啊', '整整齐齐，双爆+大小防御，关键全歪大小防', '负面'),(853, 23159873, '桃乐丝黑猫', '和邂逅姐姐玩', '正面'),(854, 23159873, '_有意邂逅', '？', '字数不足'),(855, 6136246, '小猴子今天80斤了嘛', '单排到50多了[白眼]', '负面'),(856, 6136246, '再问兰因', '帅毛豆[哇]', '正面'),(857, 6136246, '深深的米子叻_', '哈哈哈哈哈哈哈', '正面'),(858, 6136246, '浮生如dream', '场数战神是这样的', '正面'),(859, 6136246, 'Wills_the_sec', '手法姐', '正面'),(860, 6136246, '典狱蛾', '手法', '正面'),(861, 6136246, '陪伴小猪猪', '两个高手啊[捂脸]', '负面'),(862, 6136246, '不误筝爷', '卧龙凤雏[dog][dog]', '中性'),(863, 6136246, '黑猫主演', '感觉不靠谱[妙]', '中性'),(864, 6136246, '1343494949', '水', '字数不足'),(865, 6136246, '菠萝的富贵儿骑士', '难道他真是天才？', '负面'),(866, 6136246, '瓜子汽水小板凳', '半斤八两', '负面'),(867, 23159873, '_有意邂逅', '老实', '负面'),(868, 6136246, '是韩灵犀', '哈哈哈哈哈哈哈哈哈哈', '正面'),(869, 6136246, '穆穆Edward', '哈哈哈哈哈哈哈哈', '正面'),(870, 6136246, '十四兄', '单排三四十也正常', '负面'),(871, 6136246, '光入时局', '坏了 很好的预感', '正面'),(872, 6136246, '绿米饭也吃', '糕手登场！', '负面'),(873, 6136246, '安知鱼未忆zzz', '亡牌', '中性'),(874, 6136246, '祈雨之猫', '两个手法角色[dog]', '正面'),(875, 6136246, '才也面包', '牌子出现！', '中性'),(876, 6136246, '加草是feuilles的世木', '好诶珍奇柜毛豆', '负面'),(877, 6136246, '番茄鸡蛋山药脆片', '信任 看看对局内', '负面'),(878, 6136246, '安安贼快乐', '单排三十多分我感觉蛮正常的', '负面'),(879, 6136246, '万千游鱼过江海', '兵王', '正面'),(880, 23159873, '再等四月十四', '老实', '负面'),(881, 6136246, '困困困困困闲困困困困', '单排六阶33胜率在此', '正面'),(882, 6136246, '-糖醋土豆-', '场数战神', '正面'),(883, 6136246, '夏时玥', '单排40以下都很正常（）', '负面'),(884, 6136246, '纸水会', '[爱]', '正面'),(885, 23159873, '_有意邂逅', '哈哈哈哈哈哈', '正面'),(886, 23159873, '桃乐丝黑猫', '[偷笑]', '中性'),(887, 6136246, '是笨蛋帕', '哈皮的光标是啥', '负面'),(888, 6136246, '允怀吖', '哈哈哈哈哈哈哈哈', '正面'),(889, 6136246, '千门梦宇', '笑死我就是被坑到40胜率转屠夫了', '负面'),(890, 6136246, '不坠竹', '经典古董杂技，肯定会点门[dog][dog]', '正面'),(891, 6136246, 'Wo87778', '我们单排玩家胜率都不过五十的。', '负面'),(892, 6136246, '丷止戈', '四阶单排多少胜率才合格啊', '负面'),(893, 6136246, '绿薄荷微凉', '这得段位先上去再谈认知分啊[捂脸]', '负面'),(894, 6136246, '千古一梦游', '绝活', '中性'),(895, 6136246, '刀与糖的必然联系', '在低阶血C才能保证胜率80%……', '负面'),(896, 6136246, '微氧', '信任', '负面'),(897, 6136246, '沙咔拉卡-', '三十以上才正常', '中性'),(898, 6136246, '你真是个有才啊', '手法信仰玩家[大笑]', '正面'),(899, 6136246, '橘子洲_行舟', '单排三十多正常啊', '负面'),(900, 6136246, '竹青0v0', '单排五阶24[捂脸]', '负面'),(901, 6136246, '菠萝的富贵儿骑士', '先质疑（）', '负面'),(902, 26298048, '詩然Lucky', '想听啥', '正面'),(903, 6136246, '牢第想牢大', '兵王出世', '正面'),(904, 23159873, '再等四月十四', '对对对，邂逅到的姐姐嘛[dog][dog][dog][dog]', '正面'),(905, 6136246, '爱喝奶茶的猫er', '我牌子呢', '中性'),(906, 6136246, '千古一梦游', '这把包赢', '正面'),(907, 6136246, '懒懒洛洛', '冲鸭', '负面'),(908, 6136246, '邪魅狷狂小星尘', '找了四排之后直逼80', '中性'),(909, 6136246, 'bili_90209484203', '哈哈哈哈', '正面'),(910, 6136246, 'Rzy-大魔王', '选佣兵该混分了', '中性'),(911, 6136246, '请务必让我学习', '《稳赢》', '正面'),(912, 6136246, '蒙曾与', '单排四十左右正常', '负面'),(913, 6136246, '提瓦特第一捧哏莹酱', '绝症古董', '正面'),(914, 6136246, '不误筝爷', '准备地窖[dog]', '中性'),(915, 26298048, '詩然Lucky', '大家想想看', '中性'),(916, 6136246, '摆烂捏', '四阶。。我单排五十胜率，二十是真的有点低', '中性'),(917, 6136246, 'tailro', '水', '字数不足'),(918, 23159873, '再等四月十四', '老实', '负面'),(919, 6136246, '凉哈皮所向披靡', '我单排七阶都68了', '正面'),(920, 6136246, '踢踢练琴了嘛', '水', '字数不足'),(921, 6136246, '荻夜萩雨', '单排纯靠运气', '负面'),(922, 6136246, '懒懒洛洛', '大笑', '正面'),(923, 26298048, '影子下的漆黑', '全都是戏能唱吗', '正面'),(924, 6136246, '修治无茗', '[哇][哇]', '中性'),(925, 6136246, '穆穆Edward', '先相信', '中性'),(926, 6136246, '舒舒书书1', '大笑', '正面'),(927, 6136246, '六-木-', '期待主播的救人[哇]', '正面'),(928, 6136246, '卢卡怒偷沙蝗手稿', '五阶单排胜率40（已经人麻了）', '中性'),(929, 6136246, '什么ex', '双排五阶50左右', '正面'),(930, 6136246, '是失意呢', 'hhhhhh', '中性'),(931, 6136246, '东时渊', '期待一杯速溶', '中性'),(932, 6136246, '小猴子今天80斤了嘛', '单排四阶50[白眼][白眼]', '正面'),(933, 6136246, '烤全烊羊羊', '[波吉]', '正面'),(934, 6136246, '兵长是个寡妇', '主包好', '正面'),(935, 26298048, '詩然Lucky', '后面合音地方不好唱', '负面'),(936, 6136246, '_雨氤氤', '太幸福了', '正面'),(937, 6136246, '阿蕤rs', '[比心]', '中性'),(938, 6136246, '酷炫垃圾桶', '我六阶二单排胜率30（）', '负面'),(939, 6136246, '蹲下来和我说话行吗', '哈哈哈哈哈', '正面'),(940, 26568219, '真的小乔我', '[大笑]', '正面'),(941, 6136246, '念冬夏', '手机', '中性'),(942, 6136246, '一支雏菊死在黎明', '[大笑][大笑][大笑]', '正面'),(943, 6136246, '小馨的女主角ovo', '好好好', '正面'),(944, 6136246, '-爱吃芒果的哈维斯-', '是的', '中性'),(945, 6136246, '穆穆Edward', '已经是凉哈皮的形状了', '负面'),(946, 6136246, '我星呢', '太幸福了哈皮', '正面'),(947, 6136246, '蹲下来和我说话行吗', '水', '字数不足'),(948, 6136246, '游于林间', '做凉皮的水友真是太幸福了', '正面'),(949, 6136246, '万千游鱼过江海', '茄子', '负面'),(950, 6136246, '锦锦KOI', '平板呢[大笑]', '正面'),(951, 6136246, 'CT北悸', '好耶！', '中性'),(952, 6136246, '丷止戈', '单排40胜率，前几天一口气掉到33', '负面'),(953, 6136246, 'icycooo', '大笑', '正面'),(954, 6136246, '是韩灵犀', '哇哦', '中性'),(955, 6136246, '六-木-', '单排胜率有四十不错了吧', '中性'),(956, 6136246, 'dcmYtf', '主包人美心善', '正面'),(957, 6136246, '水瀨瀨', '有真人壁紙嗎[dog]', '负面'),(958, 6136246, '宥连Youlian', '确实', '正面'),(959, 6136246, '里头竿竿', '单排45', '负面'),(960, 6136246, 'hard丶晓风', '《很稳的》', '正面'),(961, 6136246, '山中踏雨', '好', '字数不足'),(962, 6136246, '菠萝的富贵儿骑士', '没关系我壁纸主包表情包', '负面'),(963, 6136246, '某叶晓君', '哈皮看了你的直播我现在屠夫七阶了', '正面'),(964, 6136246, '御坂千花子', '水', '字数不足'),(965, 6136246, '萨西saxi', '[波吉]', '正面'),(966, 6136246, '与七海', '幸福', '正面'),(967, 6136246, '木药yy', '好好好', '正面'),(968, 6136246, 'Crystal琦儿', '主播救人双倒震慑[dog][dog]', '中性'),(969, 6136246, 'Wo87778', '我每天单排胜率三四十左右。太正常了', '负面'),(970, 26298048, '影子下的漆黑', '那戏痴？', '正面'),(971, 6136246, '阳光开朗埃米尔', '做哈皮的水友幸福晕了[爱][爱]', '正面'),(972, 6136246, '君尘孤晖', '所以一定要关注这个好主包', '正面'),(973, 6136246, 'Rzy-大魔王', '古董不会要被伞哥秒了吧', '正面'),(974, 6136246, '妄仔VvVvvV', '单排五阶30', '正面'),(975, 6136246, '摆烂捏', '四十没啥问题，但是场次多还二十多胜率真的不太行', '负面'),(976, 6136246, '人间金盏花', '单排40算不错', '负面'),(977, 6136246, '刀与糖的必然联系', '好自信', '正面'),(978, 6136246, '未愈合好的伤', '手机壁纸在哪里领啊？', '负面'),(979, 6136246, '刘扬扬带我去kwangya', '好好好', '正面'),(980, 6136246, 'bili_94581643515', '包无伤的', '中性'),(981, 26298048, '詩然Lucky', '戏痴可以', '正面'),(982, 6136246, '皮幻花瓜安莎豆的狗', '我单排胜率三四十', '负面'),(983, 6136246, '元二尔尔', '宿伞40s第一刀，纯', '正面'),(984, 6136246, '是莲音吖', '[dog]', '中性'),(985, 6136246, '的比爱', '古董吃刀了', '正面'),(986, 6136246, 'Nooooooo-', '关注凉哈皮，享幸福人生[dog]', '正面'),(987, 6136246, 'shadow的修勾', '水', '字数不足'),(988, 6136246, '月静无言', '单排5阶胜率40', '负面'),(989, 6136246, '刀与糖的必然联系', '这把打完是不是女鬼桥启动了', '负面'),(990, 26298048, '影子下的漆黑', '行', '字数不足'),(991, 6136246, '凉哈皮的山洞日记', '现上舰脸盆杯台历二选一766060206', '负面'),(992, 26298048, '詩然Lucky', '不过可以唱前面', '正面'),(993, 6136246, 'hard丶晓风', '我的脑海里全是主播兵王出事的场景[白眼]', '正面'),(994, 6136246, '毛豆教教主', '有人之前五排的时候....', '负面'),(995, 6136246, '转两个半圆', '佣皮农米（）', '正面'),(996, 6136246, '逼自己学点', '《包靠谱的》', '中性'),(997, 6136246, '詬來', '水', '字数不足'),(998, 6136246, 'Rzy-大魔王', '铃铛好了要死了', '中性'),(999, 6136246, '拧不开汽水啊', '你喜欢拥兵嘛', '正面'),(1000, 6136246, '羽毛般轻盈的焰轩', '哈皮没有微博可以亲自给我设置吗（', '中性'),(1001, 6136246, '未愈合好的伤', '手机壁纸在哪里领啊啊？', '中性'),(1002, 26298048, '影子下的漆黑', '嗯呢，都行', '中性'),(1003, 6136246, '踢踢练琴了嘛', '看哈皮的写真', '中性'),(1004, 6136246, '修治无茗', '已取[dog]', '中性'),(1005, 6136246, '请俯下身', '居然还没亖', '负面'),(1006, 6136246, '祝云', '可现在是四阶不是七阶……', '正面'),(1007, 6136246, '南风过天桥', '茄子', '负面'),(1008, 6136246, '第勒尼安与橄榄', '笑死了哈哈哈哈哈哈', '正面'),(1009, 26298048, '影子下的漆黑', '哈哈哈哈哈', '正面'),(1010, 6136246, '竹青0v0', '胜率原因不一定是一个人的技术而是一队人[捂脸]', '负面'),(1011, 6136246, '编号568', '单排至少35要有吧', '负面'),(1012, 6136246, '临汾沭', '真人动态壁纸', '正面'),(1013, 6136246, '阳光开朗埃米尔', '爱死啦主包！[大笑]', '正面'),(1014, 6136246, '南风过天桥', '茄子', '负面'),(1015, 6136246, '里头竿竿', '珍奇柜真滴帅', '负面'),(1016, 6136246, '瑀治抹茶', '半血更好溜', '正面'),(1017, 6136246, '-贊美太陽-', '腹肌照嘛', '正面'),(1018, 6136246, '妄仔VvVvvV', '平局多也会影响胜率呀', '正面'),(1019, 6136246, '小猴子今天80斤了嘛', '这个皮肤的手👋🏻真的好看！！！', '负面'),(1020, 23159873, '再等四月十四', '溜了溜了，各位慢慢玩', '正面'),(1021, 23159873, '桃乐丝黑猫', '老实', '负面'),(1022, 6136246, 'Rzy-大魔王', '居然没噶', '负面'),(1023, 6136246, '绿米饭也吃', '古董有点实力！', '正面'),(1024, 6136246, '月过窗前', '无印良品', '正面'),(1025, 6136246, '驼驼头盖骨碎裂', '茄子', '负面'),(1026, 6136246, '沙咔拉卡-', '哈哈哈哈哈哈哈哈哈哈哈哈哈', '正面'),(1027, 6136246, '牢第想牢大', '可以顺手发B博吗', '负面'),(1028, 6136246, '兵长是个寡妇', '单排是这样的', '负面'),(1029, 6136246, '仫鸱', '单排？', '负面'),(1030, 23159873, '再等四月十四', '智慧', '正面'),(1031, 6136246, '睿达在线艺术', '单排是这样的', '负面'),(1032, 6136246, '穆穆Edward', '表情包也可以做壁纸吗（）', '负面'),(1033, 6136246, '修治无茗', '队友啊', '中性'),(1034, 6136246, '请务必让我学习', '估计是单排', '负面'),(1035, 6136246, 'Rzy-大魔王', '吃闪死还行', '负面'),(1036, 6136246, '橘子洲_行舟', '可以了', '中性'),(1037, 6136246, '米你米你米', '单排吧', '负面'),(1038, 6136246, 'kisa是神', '低阶单排是这样的（', '负面'),(1039, 6136246, '-连霏-', '队友不行[大哭]', '中性'),(1040, 26298048, '如雪花般消逝', '哈哈哈 主播笨笨的很安心[花]', '负面'),(1041, 6136246, '午夜惊魂dd', '因为是宿伞', '中性'),(1042, 6136246, '扶桑flower', '被队友害的', '负面'),(1043, 6136246, '竹青0v0', '我胜率24，没把遛鬼时长不低于70', '负面'),(1044, 6136246, 'dcmYtf', '主打一个场数多', '中性'),(1045, 6136246, '阳光开朗埃米尔', '单排胜率20很正常', '负面'),(1046, 6136246, '狱澪', '不抓他再绝活也没有用啊', '负面'),(1047, 6136246, 'LXY_Reserved', '可能是单排而且运气不好hhh', '负面'),(1048, 6136246, '立志單排上巔七', '被队友害的', '负面'),(1049, 6136246, '刀与糖的必然联系', '我不厉害。', '负面'),(1050, 6136246, '临汾沭', '快给我真人动态壁纸', '正面'),(1051, 6136246, '沙咔拉卡-', '二十真不正常吧', '负面'),(1052, 6136246, 'Crystal琦儿', '我单排60[妙]', '中性'),(1053, 6136246, '也不是不行不行', '赞', '字数不足'),(1054, 6136246, '雪珊啊啊啊', '单排一个人带不动', '负面'),(1055, 6136246, '竹青0v0', '说实话，五阶队友跟人机一样的', '正面'),(1056, 6136246, '千古一梦游', '呜呜我就是230[dog]', '中性'),(1057, 6136246, '刀与糖的必然联系', '？', '字数不足'),(1058, 6136246, '瑀治抹茶', '好好好', '正面'),(1059, 26298048, '如雪花般消逝', '合唱好听', '中性'),(1060, 6136246, '扶桑flower', '我是单排被气的吐血', '负面'),(1061, 6136246, '邪魅狷狂小星尘', '假的  再厉害 1693逼技能还是四抓', '正面'),(1062, 6136246, '东时渊', '我四阶单排五十八胜率', '正面'),(1063, 6136246, 'VickyBabeXXi', '水', '字数不足'),(1064, 6136246, '扶桑flower', '昨天把第五删了', '负面'),(1065, 6136246, '千羽夜QAQ', '宿伞古董这个时间真不算绝活吧', '正面'),(1066, 6136246, '第勒尼安与橄榄', '单排每局都在祈祷先抓我[妙][妙][妙]', '正面'),(1067, 6136246, '小猴子今天80斤了嘛', '单排真的血压高 忍着打[大哭]', '负面'),(1068, 6136246, '柠檬辣翅', '单排建议补救人位', '负面'),(1069, 23870434, '椰绒姬_Rokii', '我刚还在想控了四个，怎么转头团灭了', '负面'),(1070, 6136246, '驼驼头盖骨碎裂', '溺水', '中性'),(1071, 6136246, '图弭', '我就是三十胜率的，谢谢有被骂到[委屈]', '正面'),(1072, 6136246, '極樂_Pigeon', '我现在四阶单排胜率差不多就五六十', '负面'),(1073, 6136246, '转两个半圆', '三连机了', '中性'),(1074, 6136246, '是韩灵犀', '耗子尾汁', '正面'),(1075, 6136246, '凉哈皮的山洞日记', '早睡早起身体好，支持主播就赞赞吧~', '正面'),(1076, 6136246, '刀与糖的必然联系', '好大的遗产啊。', '中性'),(1077, 6136246, '丢雷劳模哦', '[dog]', '中性'),(1078, 6136246, '狗史发绿', '单排不是队友抽象就是我抽象', '中性'),(1079, 6136246, '轮子裂开了', '水', '字数不足'),(1080, 6136246, '坐牢户', '我的四阶队友和我一样宛若一阶[手机]', '正面'),(1081, 6136246, '睿达在线艺术', '老板生日快乐 好好休息', '正面'),(1082, 6136246, '橘子洲_行舟', '我不厉害，我就一普通单排人', '负面'),(1083, 6136246, '邪魅狷狂小星尘', '单排拿救人位混分（', '负面'),(1084, 26298048, '影子下的漆黑', '主包的乌鸡做的也好吃的', '正面'),(1085, 6136246, '川川川上库子', '大部分单排好像都三四十胜率呜呜呜', '负面'),(1086, 6136246, '小猴子今天80斤了嘛', '老板摸摸', '负面'),(1087, 6136246, '丢雷劳模哦', '[喝彩]', '中性'),(1088, 6136246, '两个春天-', '茄子', '负面'),(1089, 6136246, '给我整两口', '咒术补了机子吧', '中性'),(1090, 6136246, '戏颜丷', '单排只能玩救人位 没人会选救人的', '负面'),(1091, 6136246, '轮子裂开了', '老板好好休息', '负面'),(1092, 6136246, '雪珊啊啊啊', '我今天溜五台平局了，因为没人出来卡', '负面'),(1093, 6136246, '饕餮惊呆了了', '摸摸老板', '负面'),(1094, 6136246, '牧场甘草', '老板生日快乐', '正面'),(1095, 6136246, '穆穆Edward', '老板生日快乐', '正面'),(1096, 6136246, '-爱吃芒果的哈维斯-', '老板辛苦了，摸摸', '中性'),(1097, 6136246, '网恋对象傅闻夺', '抱抱老板，老板生日快乐[比心][比心][比心]', '正面'),(1098, 6136246, '好困的蓝色葡萄', '四阶单排胜率二三十可以看看自己原因呐', '正面'),(1099, 6136246, '蹲下来和我说话行吗', '我觉得我的队友每次都非常惊艳的把优势还回', '正面'),(1100, 6136246, '宴初螃蟹', '抱抱老板，老板生日快乐呀', '正面'),(1101, 6136246, '越卷越幸运T_T', '抱抱老板', '正面'),(1102, 6136246, '雪念昭昭祈雨', '水', '字数不足'),(1103, 6136246, '香菜人间美味-', '老板生日快乐[比心]', '正面'),(1104, 6136246, '我金苹果呢', '摸摸老板生日快乐', '正面'),(1105, 6136246, '余加水', '生日快乐', '正面'),(1106, 6136246, '一只长条条', '老板抱抱', '正面'),(1107, 6136246, '踢踢练琴了嘛', '摸摸老板 加油 生日快乐', '正面'),(1108, 6136246, '妄仔VvVvvV', '都是平局胜率是零所以胜率没必要太看重', '中性'),(1109, 6136246, '星星上的青花鱼', '单排修机，修着修着队友全没了[捂脸]', '负面'),(1110, 6136246, '珉川-lix', '老板辛苦了 生日快乐', '正面'),(1111, 6136246, '中午也想睡大觉', '老板生日快乐！', '正面'),(1112, 6136246, '宇宙的某一个人', '老闆生日快樂，好好休息[比心]', '正面'),(1113, 6136246, '月某今天想吃芥川', '單排補救人位展現超絕背鍋線條', '正面'),(1114, 6136246, '小猴子今天80斤了嘛', '哈哈哈哈哈哈哈哈哈', '正面'),(1115, 6136246, '中午也想睡大觉', '老板生日快乐好好休息！', '正面'),(1116, 6136246, '是韩灵犀', '老板生日快乐', '正面'),(1117, 6136246, '阿语不寄丢呀', '碎了', '正面'),(1118, 6136246, '香园栗子', '老板生日快乐呀', '正面'),(1119, 6136246, '魈魈不知道雾', '老板生日快乐', '正面'),(1120, 6136246, '十三玥owo', '茄子', '负面'),(1121, 6136246, '木药yy', '老板生日快乐', '正面'),(1122, 6136246, '月某今天想吃芥川', '老闆生日快樂!', '正面'),(1123, 6136246, '岛的电饭煲灬', '大人的世界和小孩不一样了，唉～加油吧老板', '正面'),(1124, 6136246, '穆穆Edward', '阿秋', '正面'),(1125, 6136246, '烤全烊羊羊', '生日快乐', '正面'),(1126, 6136246, '邪魅狷狂小星尘', '好精辟的总结', '正面'),(1127, 6136246, 'TR苦艾', '生日快乐，点外卖吃点好的吧', '正面'),(1128, 6136246, '竹青0v0', '这就是情况的一种', '正面'),(1129, 6136246, '常月曦和', '生日快乐', '正面'),(1130, 6136246, '等一只晴天娃娃', '老板生日快乐呀', '正面'),(1131, 6136246, '第五元香', '(｀・ω・´)', '中性'),(1132, 6136246, '一支雏菊死在黎明', '老板生日快乐', '正面'),(1133, 6136246, '吹走萝莉的风', '哈哈', '中性'),(1134, 6136246, '小猴子今天80斤了嘛', '哈哈哈哈哈', '正面'),(1135, 6136246, '常月曦和', '？', '字数不足'),(1136, 6136246, '好困的蓝色葡萄', '摸摸老板', '负面'),(1137, 6136246, '犭苗头鹰', '这哥们', '中性'),(1138, 6136246, '宥连Youlian', '哈哈哈哈哈哈', '正面'),(1139, 6136246, '刀与糖的必然联系', '你去抗）', '负面'),(1140, 6136246, '光入时局', '哈哈哈哈哈哈哈哈哈', '正面'),(1141, 6136246, 'Cameo丶', '变异了哈哈哈哈哈哈哈', '正面'),(1142, 6136246, '沙咔拉卡-', '哈哈哈哈哈哈哈哈哈哈哈哈哈', '正面'),(1143, 6136246, '第六杯莫吉托_', '老板辛苦了 生日快乐哦', '正面'),(1144, 6136246, '小元宝and大凡凡', '哈哈哈哈哈哈哈', '正面'),(1145, 6136246, '还是五光十色', '哈哈哈哈哈', '正面'),(1146, 6136246, '檩页lin', '哈哈哈哈', '正面'),(1147, 6136246, '猪猪存钱罐LK', '我摸你', '中性'),(1148, 6136246, '邪魅狷狂小星尘', '?????', '负面'),(1149, 6136246, '毛豆教教主', '修毛豆', '负面'),(1150, 6136246, '挂着直播偷偷学习', 'hhhhh', '中性'),(1151, 6136246, '修治无茗', '修个毛豆[dog]', '中性'),(1152, 6136246, '7号耳机', '变异了', '中性'),(1153, 6136246, '睿达在线艺术', '摸你去修机', '负面'),(1154, 6136246, '提瓦特第一捧哏莹酱', '我也想摸', '中性'),(1155, 6136246, '凉哈皮的山洞日记', '小手点关注，喜欢就住住~', '正面'),(1156, 6136246, 'Leia0217', '哈哈哈哈哈哈哈哈哈哈', '正面'),(1157, 6136246, '南风至兮', '修毛豆', '负面'),(1158, 6136246, '六-木-', '我也想摸[哇]', '中性'),(1159, 6136246, '灵司不是04', '修个毛豆', '中性'),(1160, 6136246, 'POWiN_H', '让我摸摸', '负面'),(1161, 6136246, 'kisa是神', '这古神真的可以', '中性'),(1162, 6136246, '清袖-', '[dog]', '中性'),(1163, 6136246, 'dcmYtf', '毛/豆/', '正面'),(1164, 6136246, '千古一梦游', '保满血', '中性'),(1165, 6136246, '至死不渝的灬你', '修了3台', '负面'),(1166, 6136246, '一支雏菊死在黎明', '哈哈哈哈哈哈哈哈哈哈', '正面'),(1167, 6136246, '加强曲曲裤裆', '变异了', '中性'),(1168, 6136246, '鸽子没有小尾巴', '修台毛豆', '中性'),(1169, 6136246, '希望奶茶没事', '几阶啊', '正面'),(1170, 6136246, 'Mirage_米歇尔', '你居然摸我？[dog]', '负面'),(1171, 6136246, '夏时玥', '哈哈哈哈哈哈哈哈哈', '正面'),(1172, 6136246, '刀与糖的必然联系', '可以的这个咕咚）', '负面'),(1173, 6136246, '穆穆Edward', '修一台毛豆', '负面'),(1174, 6136246, '榭亭子', '生日快乐，摸摸老板[抱抱][抱抱][抱抱', '正面'),(1175, 6136246, '请务必让我学习', '修一台毛豆', '负面'),(1176, 6136246, '小猴子今天80斤了嘛', '修半台毛豆🫛', '负面'),(1177, 6136246, '你真是个有才啊', '修毛豆[大笑]', '中性'),(1178, 6136246, '千古一梦游', '我也要摸', '中性'),(1179, 6136246, '第勒尼安与橄榄', '头痛队友', '负面'),(1180, 6136246, '元二尔尔', '满血保四出', '正面'),(1181, 6136246, '呼唤你的名字_', '茄子', '负面'),(1182, 6136246, '言不语微而成谰', '弹护腕修机哈哈哈', '中性'),(1183, 6136246, '沙咔拉卡-', '这古董商可以啊', '正面'),(1184, 6136246, '詬來', '不修机修毛豆[dog]', '负面'),(1185, 6136246, '邪魅狷狂小星尘', 'up超绝音线', '中性'),(1186, 6136246, '睿达在线艺术', '咕咚可以的', '负面'),(1187, 6136246, '橘子洲_行舟', '爱修毛豆', '中性'),(1188, 6136246, '六枚x', '毛豆：我这是脑太', '中性'),(1189, 6136246, 'POWiN_H', '摸摸小毛豆', '负面'),(1190, 6136246, '安安丶安安安安安', '老板辛苦啦！', '正面'),(1191, 6136246, '我星呢', '哈哈哈[妙]', '正面'),(1192, 6136246, '沙咔拉卡-', '闪现还交了', '中性'),(1193, 6136246, '瑀治抹茶', '可是毛豆很好吃（', '正面'),(1194, 6136246, '给我整两口', '古董真可以，吃闪倒四人开门战', '负面'),(1195, 23870434, '七重只想睡觉', '主播咋说', '负面'),(1196, 6136246, 'Crystal琦儿', '咕咚撑住', '负面'),(1197, 6136246, '小虎の奇妙冒险', '临开门用闪现', '负面'),(1198, 6136246, '穆穆Edward', '咕咚确实不错', '中性'),(1199, 26298048, '影子下的漆黑', '老板大气', '正面'),(1200, 6136246, '邪魅狷狂小星尘', '古董吃了俩闪现', '正面'),(1201, 6136246, '水果熊别睡了', '这也交闪？', '负面'),(1202, 6136246, '万变魔术师', '6', '字数不足'),(1203, 6136246, '吹走萝莉的风', '我也要摸毛豆', '中性'),(1204, 6136246, '安安丶安安安安安', '老板生日快乐！辛苦啦！', '正面'),(1205, 6136246, '皖南弦音', '末班车！', '正面'),(1206, 6136246, '小猴子今天80斤了嘛', '对！不错！[大笑]', '正面'),(1207, 6136246, '阳光开朗埃米尔', '古董这20胜率我心疼他[手机]', '正面'),(1208, 6136246, '星星上的青花鱼', '他是不是交闪了', '负面'),(1209, 23870434, '椰绒姬_Rokii', '再赢两局就王者了，能不能顺便努努力', '正面'),(1210, 26298048, '-凉城0', '打call', '负面'),(1211, 6136246, '元二尔尔', '抗刀三出这不稳了', '中性'),(1212, 6136246, 'Crystal琦儿', '睿达hihi', '正面'),(1213, 6136246, 'gffjjbxfjksgbkl', '死前还吃了个闪', '中性'),(1214, 6136246, '不坠竹', '但是20胜率[dog][dog]', '负面'),(1215, 6136246, '喵喵的小团子', '不愧是绝活', '正面'),(1216, 23870434, '七重只想睡觉', '这把', '中性'),(1217, 23870434, 'NO-1-医学僧', '能来吗', '中性'),(1218, 6136246, '等一只晴天娃娃', '我的眼就是尺', '中性'),(1219, 6136246, '你真是个有才啊', '厉不厉害你古神', '中性'),(1220, 6136246, '犭苗头鹰', '这哥们哈哈哈', '正面'),(1221, 6136246, '刀与糖的必然联系', '好好好好好', '正面'),(1222, 6136246, '砂糖橘yako', '好好好', '正面'),(1223, 6136246, '睿达在线艺术', '？', '字数不足'),(1224, 6136246, '凉哈皮满身腹肌', '我靠吓死了', '负面'),(1225, 6136246, '宥连Youlian', '吓晕', '负面'),(1226, 6136246, 'Mr-廉', '吓死了', '负面'),(1227, 6136246, '阳光开朗埃米尔', '吓死了', '负面'),(1228, 6136246, '常月曦和', '哈哈哈哈哈哈', '正面'),(1229, 6136246, '给我整两口', 'WC吓死人', '负面'),(1230, 6136246, '千古一梦游', '高手', '中性'),(1231, 6136246, '还是五光十色', '吓', '字数不足'),(1232, 6136246, '木药yy', '哈哈哈哈哈哈哈哈', '正面'),(1233, 6136246, '小猴子今天80斤了嘛', '吓鼠了', '负面'),(1234, 6136246, '吹走萝莉的风', '666', '中性'),(1235, 6136246, 'star暗夜', '哈哈哈哈哈哈哈哈哈', '正面'),(1236, 6136246, 'Adrian黎晨', '啊啊啊啊啊啊啊', '正面'),(1237, 6136246, '面包只是烤焦了', '差点出事', '负面'),(1238, 6136246, 'Crystal琦儿', '还好打你', '正面'),(1239, 6136246, '财神爷小宝', '哈哈哈哈哈哈哈哈哈', '正面'),(1240, 6136246, '小虎の奇妙冒险', '哈哈哈哈哈哈哈', '正面'),(1241, 6136246, '心中翱翔', '哈哈哈哈哈哈', '正面'),(1242, 6136246, '瓶子饼干', '还好', '正面'),(1243, 6136246, 'Mirage_米歇尔', '[手机][手机][手机]', '中性'),(1244, 6136246, 'gffjjbxfjksgbkl', '笑死了', '中性'),(1245, 6136246, '水瀨瀨', '？', '字数不足'),(1246, 6136246, '千代勤尘', '吓晕', '负面'),(1247, 6136246, '言胤ツ', '差点，吓死了', '负面'),(1248, 6136246, 'bili_58138702850', '吓死了', '负面'),(1249, 6136246, 'philosophymap', '哈哈哈哈哈', '正面'),(1250, 6136246, 'Au3_M', '水', '字数不足'),(1251, 6136246, '地瓜呱呱_', '的亏是个毛豆', '中性'),(1252, 6136246, '凉京白圩', '？？？', '负面'),(1253, 6136246, '加草是feuilles的世木', '我靠门皇', '正面'),(1254, 6136246, '临_霜a', '差点出事', '负面'),(1255, 6136246, '言不语微而成谰', '还好扛到了', '正面'),(1256, 6136246, '东时渊', '哈哈哈哈哈哈哈', '正面'),(1257, 6136246, '宇宙的某一个人', '哈哈哈哈哈', '正面'),(1258, 6136246, '榭亭子', '茄子', '负面'),(1259, 6136246, '穆穆Edward', '哈哈哈哈哈哈哈', '正面'),(1260, 6136246, '你猜得出算我牛', '差点点', '中性'),(1261, 6136246, '詬來', '啊刚刚吓死了', '负面'),(1262, 6136246, '临梦天明', '给哈皮吓死了', '负面'),(1263, 6136246, '-持刀斩明月-', '哈哈哈哈哈哈哈哈哈哈哈', '正面'),(1264, 6136246, '再问兰因', '哈哈哈哈哈哈', '正面'),(1265, 6136246, '贝塔的小飞机呀', '哈哈哈哈哈', '正面'),(1266, 6136246, '驼驼头盖骨碎裂', '溺水', '中性'),(1267, 6136246, '猪猪存钱罐LK', '爱摸毛豆', '正面'),(1268, 6136246, '红三跺', '哈哈哈哈哈哈哈hhh', '正面'),(1269, 6136246, 'Iris摸鱼了咩', '哈哈哈哈哈哈哈哈', '正面'),(1270, 6136246, '阿尔图罗的光环', '吓晕了', '负面'),(1271, 6136246, '油炸芝麻汤圆', '哈哈哈哈哈哈哈哈', '正面'),(1272, 6136246, '肆面', '吓死我了', '负面'),(1273, 6136246, '至死不渝的灬你', '6啊', '负面'),(1274, 6136246, '夏时玥', '门皇', '中性'),(1275, 6136246, '鹘杉麻衣', 'hhhhhh', '中性'),(1276, 6136246, '中午也想睡大觉', '吓死了', '负面'),(1277, 6136246, '布偶耶耶', '服了妈耶 吓死了', '负面'),(1278, 6136246, '千古一梦游', '我的眼睛就是尺', '中性'),(1279, 6136246, '喵喵的小团子', '差点就变事故了', '中性'),(1280, 6136246, '184社恐男大', '门皇', '中性'),(1281, 6136246, '7号耳机', '心跳漏了一拍', '负面'),(1282, 6136246, '士子风流倜傥', '  哈哈哈哈哈哈哈哈哈哈哈哈', '正面'),(1283, 6136246, '横滨开锁王殉情对象', '[捂脸][捂脸][捂脸]', '负面'),(1284, 6136246, '橘子洲_行舟', '吓死了', '负面'),(1285, 6136246, '歪歪真菌', '杂技差点要被骂', '负面'),(1286, 6136246, '赵越TAZ', '牛牛牛', '正面'),(1287, 6136246, 'ZujoeZero', '哈哈哈哈哈哈哈哈哈', '正面'),(1288, 6136246, '瑀治抹茶', '离大谱', '中性'),(1289, 6136246, '木药yy', '吓晕', '负面'),(1290, 6136246, '陆璐子啊', '差点没了', '负面'),(1291, 6136246, '瑾年E', '哈哈哈哈哈哈哈', '正面'),(1292, 6136246, '丷止戈', '好险', '正面'),(1293, 6136246, '睿达在线艺术', '啵啵', '中性'),(1294, 6136246, '小吓-', '虾人', '负面'),(1295, 6136246, '请务必让我学习', '哈哈哈哈哈哈哈哈哈', '正面'),(1296, 6136246, '丸子_qwq', '哈哈哈哈哈哈哈', '正面'),(1297, 6136246, 'Crystal琦儿', '我心脏要突出来了', '正面'),(1298, 6136246, '密码找回进度0', '哈哈哈哈哈哈哈哈哈', '正面'),(1299, 6136246, 'CT北悸', '[委屈]哈哈哈哈哈哈', '正面'),(1300, 6136246, '仲_若', '笑死我了', '中性'),(1301, 6136246, '铃皙儿', '糕手', '负面'),(1302, 6136246, '沙咔拉卡-', '这监管是个小天才', '正面'),(1303, 6136246, '北和ovo', '哈哈哈哈哈哈', '正面'),(1304, 6136246, '刀与糖的必然联系', '还好打你', '正面'),(1305, 6136246, '还是五光十色', '差点吓晕', '负面'),(1306, 6136246, '南咳一梦', '水', '字数不足'),(1307, 6136246, '-爱吃芒果的哈维斯-', '吓死了', '负面'),(1308, 6136246, '逼自己学点', '我靠和我队员真的很像受不了了', '正面'),(1309, 6136246, '月某今天想吃芥川', '哈皮有微博的水友群嗎', '负面'),(1310, 6136246, '薄荷奶茶CHA', '闪退！', '负面'),(1311, 6136246, '士子风流倜傥', '笑死我了', '中性'),(1312, 6136246, '雀逢-', '吓死了', '负面'),(1313, 6136246, '雾风袭来', '哈哈哈哈哈哈哈哈哈哈', '正面'),(1314, 6136246, '你叕开始了', '蚌埠住了', '中性'),(1315, 6136246, '--默尔索--', '哈哈哈哈哈哈哈哈', '正面'),(1316, 6136246, '第勒尼安与橄榄', '妈呀哈哈哈哈哈哈哈哈', '正面'),(1317, 6136246, '肥嘟嘟䦈䦱門', '哈哈哈哈hhh', '正面'),(1318, 6136246, '烤全烊羊羊', '[捂脸]', '负面'),(1319, 6136246, '悲伤寂寞杰', '妈呀', '中性'),(1320, 6136246, '叮叮n', '吓死了！', '负面'),(1321, 6136246, '欧阳颖妍', '看来古董胜率低应该是被坑多了', '负面'),(1322, 6136246, '等一只晴天娃娃', '哈哈哈哈哈哈哈哈哈哈哈哈', '正面'),(1323, 26298048, '如雪花般消逝', '感谢老板[花]', '中性'),(1324, 6136246, 'M_大米', '哈哈哈哈哈哈哈', '正面'),(1325, 6136246, '一只天然卷Ann', '天才杂技', '中性'),(1326, 6136246, '阿尔图罗的光环', '差点没了', '负面'),(1327, 6136246, '十四兄', '旗鼓相当', '中性'),(1328, 6136246, 'tufulin', '哈哈哈哈哈哈哈哈哈', '正面'),(1329, 6136246, '沨与', '差一点，嘶', '正面'),(1330, 6136246, '蓝蓝甜鹦鹉', '茄子', '负面'),(1331, 6136246, '穆穆Edward', '心疼咕咚', '负面'),(1332, 6136246, 'bili_58138702850', '茄子', '负面'),(1333, 6136246, '是韩灵犀', '差点出事', '负面'),(1334, 6136246, '真的是没钱了', '笑死我了', '中性'),(1335, 6136246, '驼驼头盖骨碎裂', '笑死了', '中性'),(1336, 6136246, '木药yy', '有糕手', '中性'),(1337, 6136246, '你真是个有才啊', '差点出事，吓死了吓死了', '负面'),(1338, 6136246, '卢卡怒偷沙蝗手稿', '可能开的辅助瞄准', '负面'),(1339, 6136246, '余白Raya', '哈哈哈哈哈哈哈哈哈哈哈哈哈哈哈哈哈', '正面'),(1340, 6136246, '小草也有点缀春', '差一点', '正面'),(1341, 6136246, '请务必让我学习', '高手局', '中性'),(1342, 6136246, '邪魅狷狂小星尘', '哈哈哈哈俩高手', '正面'),(1343, 6136246, '米你米你米', '互相抽象', '正面'),(1344, 6136246, '转两个半圆', '因为这个距离跳球出去会弹回来', '负面'),(1345, 6136246, '元二尔尔', '就问是不是细节吧', '中性'),(1346, 6136246, '落歼', '[dog][dog]', '中性'),(1347, 6136246, '兽兽想淦饭', '哈哈哈哈哈哈哈哈哈哈', '正面'),(1348, 6136246, '拾九渊', '势均力敌', '中性'),(1349, 6136246, 'ZujoeZero', '高手过招', '中性'),(1350, 6136246, '微氧', '吓死', '负面'),(1351, 6136246, '羽毛般轻盈的焰轩', '高手过招', '中性'),(1352, 6136246, '桃沢みちる', '还有高手', '中性'),(1353, 6136246, '铃辉', '天才', '中性'),(1354, 6136246, '油炸芝麻汤圆', '这就是佣兵', '中性'),(1355, 6136246, '睿达在线艺术', '吓鼠了', '负面'),(1356, 6136246, '我星呢', '卧龙凤雏', '中性'),(1357, 6136246, '烤全烊羊羊', '茄子', '负面'),(1358, 6136246, '小西梅子-', '互相喂饭', '中性'),(1359, 6136246, '余加水', '惊险', '正面'),(1360, 6136246, '鸦见千空', '[捂脸]', '负面'),(1361, 6136246, '泡泡蕾烤炉', '吓死了[捂脸]', '负面'),(1362, 6136246, '余白Raya', '差点出事', '负面'),(1363, 23870434, '兔崽不破防', '哈哈哈哈哈哈哈哈我不让他走[大笑][大笑]', '正面'),(1364, 6136246, '邪魅狷狂小星尘', '建议他俩双排', '中性'),(1365, 6136246, '猪猪存钱罐LK', '得亏是个毛豆', '中性'),(1366, 6136246, '北风饴木', '哈哈哈哈哈哈哈', '正面'),(1367, 6136246, 'hTsudAjhQy', '负负得正', '负面'),(1368, 6136246, 'Crystal琦儿', '还好你是满血', '正面'),(1369, 6136246, '阿曲你看那个鞠彻', '[白眼]', '中性'),(1370, 6136246, '阳光开朗埃米尔', '毛豆魅力时刻[爱][爱][爱]', '正面'),(1371, 6136246, '光入时局', '旗鼓相当', '中性'),(1372, 6136246, '提瓦特第一捧哏莹酱', '大伙碰到一起是有原因的', '负面'),(1373, 6136246, '竹青0v0', '一届比赛人才尽出呀', '正面'),(1374, 6136246, '瓜子汽水小板凳', '无语瞬间', '正面'),(1375, 6136246, '兽兽想淦饭', '哈哈哈哈', '正面'),(1376, 6136246, 'CT北悸', '笑死了', '中性'),(1377, 6136246, '漂筝', '[大笑][大笑][大笑][大笑][大笑]', '正面'),(1378, 6136246, '是韩灵犀', '哈哈哈哈哈哈', '正面'),(1379, 6136246, '元二尔尔', '就问有没有伏笔吧', '负面'),(1380, 6136246, '半片灰叶', '吓死了', '负面'),(1381, 6136246, '半径Airo', '救，哈哈哈哈哈哈哈哈', '正面'),(1382, 6136246, '兽兽想淦饭', '晚上好呀', '中性'),(1383, 6136246, '微氧', '哈哈哈哈哈哈哈哈', '正面'),(1384, 6136246, '凉哈皮的山洞日记', '来q水友屋657681795~', '负面'),(1385, 6136246, '坚强不是随便许诺', '哈哈哈哈哈哈太强了，魅力时刻', '正面'),(1386, 6136246, '-染冬-', '糕手', '负面'),(1387, 6136246, '转两个半圆', '所以杂技回拉了（我猜', '正面'),(1388, 6136246, '白桦喬木', '不知道想秀啥。。。。', '正面'),(1389, 6136246, '李sir的李涩', '旗鼓相当', '中性'),(1390, 6136246, '菠萝的富贵儿骑士', '满血小搏命怕一刀？', '正面'),(1391, 6136246, '楼黎Kiliya', '这要是打到杂技了', '正面'),(1392, 6136246, '沪上赶稿人', '高手过招', '中性'),(1393, 6136246, '月初Yue__', '都是高手', '中性'),(1394, 6136246, '临汾沭', '6666666', '中性'),(1395, 6136246, '天慢星', '一时不知谁保住了杂技的浮木', '正面'),(1396, 6136246, '白若莉', '有糕手', '中性'),(1397, 6136246, '常月曦和', '哈哈哈哈哈哈哈哈哈', '正面'),(1398, 6136246, '睿达在线艺术', '天才的对局', '正面'),(1399, 6136246, '千古一梦游', '正常队友', '中性'),(1400, 6136246, '盐系哈鲁三分甜', '哈哈哈哈哈哈哈哈哈', '正面'),(1401, 23870434, '七重只想睡觉', '先拉我进去，我拉她然后我退', '负面'),(1402, 6136246, '沙咔拉卡-', '终于赢了笑死', '正面'),(1403, 6136246, 'Crystal琦儿', '非要整这一出是吧', '中性'),(1404, 6136246, '东时渊', '哈哈哈哈哈', '正面'),(1405, 6136246, '魑魋魅魍魉魁魅魃魈魆', '指指点点杂技', '负面'),(1406, 6136246, '临梦天明', '半斤八两', '负面'),(1407, 6136246, '小猴子今天80斤了嘛', '终于赢了 哈哈哈哈哈', '正面'),(1408, 6136246, '一支雏菊死在黎明', '笑死我了啊啊啊啊', '正面'),(1409, 6136246, '月沉星起', '哈哈哈哈哈哈哈', '正面'),(1410, 6136246, '给我整两口', '古董：有正常队友我能赢', '正面'),(1411, 6136246, '水果熊别睡了', '他交闪开门站已经…', '负面'),(1412, 6136246, '皖南弦音', '你太棒了', '正面'),(1413, 23870434, '椰绒姬_Rokii', '我上舰那天也没打啊', '负面'),(1414, 6136246, '喵喵的小团子', '哈哈哈哈哈哈', '正面'),(1415, 6136246, '贻误熠熠', '终于赢了', '正面'),(1416, 23870434, '椰绒姬_Rokii', '[崩坏：星穹铁道_呆]', '中性'),(1417, 6136246, '余白Raya', '都是天才', '中性'),(1418, 23870434, 'PandaのQ', '爱宸', '正面'),(1419, 6136246, 'Mirage_米歇尔', '正常不了一点', '负面'),(1420, 23159873, 'ML娜娜', '[dog]', '中性'),(1421, 6136246, 'dcmYtf', '你太棒了——', '正面'),(1422, 6136246, '橘子洲_行舟', '《爱上老公的小三》', '正面'),(1423, 6136246, 'za咋_', '哈哈哈哈哈刚进来就看到哈哈哈哈哈哈', '正面'),(1424, 6136246, '天锁村雨斩月', '古董心肺骤停', '正面'),(1425, 6136246, '木药yy', '？？', '负面'),(1426, 32415943, '狮子列奥', '关注了好汀', '正面'),(1427, 32415943, 'cherry665174', '喜欢主播加关注，点点红包抽礼物', '正面'),(1428, 32415943, '隔壁你王叔匚', '喜欢主播加关注，点点红包抽礼物', '正面'),(1429, 32415943, 'cherry665174', '关注了好汀', '正面'),(1430, 32415943, '后山手残的老林', '喜欢主播加关注，点点红包抽礼物', '正面'),(1431, 32415943, '艺份布丁', '喜欢主播加关注，点点红包抽礼物', '正面'),(1432, 32415943, '后山手残的老林', '关注了好汀', '正面'),(1433, 32415943, '音白米花萌奈oL', '妙啊', '正面'),(1434, 32415943, '天真小居居', '喜欢主播加关注，点点红包抽礼物', '正面'),(1435, 32415943, '天真小居居', '关注了好汀', '正面'),(1436, 32415943, '天真小居居', '[请吃红小豆吧！_盯]', '正面'),(1437, 32415943, '85410168968_bili', '喜欢主播加关注，点点红包抽礼物', '正面'),(1438, 32415943, '85410168968_bili', '关注了好汀', '正面'),(1439, 32415943, '天真小居居', '喜欢主播加关注，点点红包抽礼物', '正面'),(1440, 32415943, '魔导师-心情不定版', '喜欢主播加关注，点点红包抽礼物', '正面'),(1441, 32415943, '音白米花萌奈oL', '喜欢主播加关注，点点红包抽礼物', '正面'),(1442, 32415943, '阿旅到处旅行', '喜欢主播加关注，点点红包抽礼物', '正面'),(1443, 32415943, '2014的181', '喜欢主播加关注，点点红包抽礼物', '正面'),(1444, 32415943, 'V尚官门汀Jん', '喜欢主播加关注，点点红包抽礼物', '正面'),(1445, 32415943, '狮子列奥', '喜欢主播加关注，点点红包抽礼物', '正面'),(1446, 32415943, '为正义付出多大代价呢', '喜欢主播加关注，点点红包抽礼物', '正面'),(1447, 32415943, 'Ang丨暖儿', '喜欢主播加关注，点点红包抽礼物', '正面'),(1448, 32415943, '总会遗忘的', '喜欢主播加关注，点点红包抽礼物', '正面'),(1449, 32415943, '伞哥哥与小肥宅', '毛过两个水晶球', '正面'),(1450, 32415943, '一把小苏子pr', '喜欢主播加关注，点点红包抽礼物', '正面'),(1451, 32415943, '魔导师-心情不定版', '手机扔一边', '负面'),(1452, 32415943, '为正义付出多大代价呢', '关注了好汀', '正面'),(1453, 32415943, 'bili_37768784461', '喜欢主播加关注，点点红包抽礼物', '正面'),(1454, 32415943, '龙神后裔红美玲', '喜欢主播加关注，点点红包抽礼物', '正面'),(1455, 32415943, '伞哥哥与小肥宅', '[喝彩][喝彩][喝彩]', '负面'),(1456, 32415943, '一一顾倾音', '喜欢主播加关注，点点红包抽礼物', '正面'),(1457, 32415943, '啃啃小番茄', '喜欢主播加关注，点点红包抽礼物', '正面'),(1458, 32415943, '和友利奈绪有个未来', '喜欢主播加关注，点点红包抽礼物', '正面'),(1459, 32415943, '孤佳冷沫的沫', '喜欢主播加关注，点点红包抽礼物', '正面'),(1460, 32415943, '伞哥哥与小肥宅', '喜欢主播加关注，点点红包抽礼物', '正面'),(1461, 32415943, '稀梨兔与杰瑞鼠', '喜欢主播加关注，点点红包抽礼物', '正面'),(1462, 32415943, '暖心欢喜_', '喜欢主播加关注，点点红包抽礼物', '正面'),(1463, 32415943, '一把小苏子pr', '关注了好汀', '正面'),(1464, 32415943, '伊月的小橘孑', '喜欢主播加关注，点点红包抽礼物', '正面'),(1465, 32415943, '暖心欢喜_', '关注了好汀', '正面'),(1466, 32415943, '稀梨兔与杰瑞鼠', '人气榜结算了', '负面'),(1467, 32415943, '深-藏功与名', '喜欢主播加关注，点点红包抽礼物', '正面'),(1468, 32415943, '三等分的哪托', '喜欢主播加关注，点点红包抽礼物', '正面'),(1469, 32415943, '后山手残的老林', '喜欢主播加关注，点点红包抽礼物', '正面'),(1470, 32415943, '为正义付出多大代价呢', '发弹幕会容易中吗', '正面'),(1471, 32415943, '总会遗忘的', '抢红包说话会泄气', '负面'),(1472, 32415943, '天真小居居', '[请吃红小豆吧！_盯]', '正面'),(1473, 32415943, '囗布丁丶', '是的 会有红包', '负面'),(1474, 32415943, '爱吃瓜瓜的瓜', '[吃瓜]', '中性'),(1475, 32415943, '瓜瓜有个大宝贝', '？？？？？', '负面'),(1476, 32415943, '伞哥哥与小肥宅', '还要冲榜，刷弹幕', '正面'),(1477, 32415943, '暖心欢喜_', '[喝彩][喝彩][喝彩]', '负面'),(1478, 32415943, '爱吃瓜瓜的瓜', '？？？？？', '负面'),(1479, 32415943, '魔导师-心情不定版', '小电视是系统自动发奖励', '负面'),(1480, 32415943, '稀梨兔与杰瑞鼠', '[妙]', '正面'),(1481, 32415943, '伞哥哥与小肥宅', '开盒子', '负面'),(1482, 32415943, '天真小居居', '中奖喷雾', '中性'),(1483, 32415943, '为正义付出多大代价呢', '人气第一有红包吗', '中性'),(1484, 32415943, '小浣熊是我的', '喜欢主播加关注，点点红包抽礼物', '正面'),(1485, 32415943, '囗布丁丶', '喜欢主播加关注，点点红包抽礼物', '正面'),(1486, 32415943, '音白米花萌奈oL', '我抢红包抢到星愿水晶球[捂脸]', '负面'),(1487, 32415943, '仙人掌叔', '发弹幕会漏财', '负面'),(1488, 32415943, '四大皆空六尘飞', '啥玩意？', '负面'),(1489, 32415943, '天真小居居', '中奖喷雾', '中性'),(1490, 32415943, '四大皆空六尘飞', '关注了好汀', '正面'),(1491, 32415943, '瓜瓜有个大宝贝', '关注了好汀', '正面'),(1492, 32415943, '四大皆空六尘飞', '不清楚', '负面'),(1493, 32415943, '魔导师-心情不定版', '发弹幕确实漏财，是真的', '正面'),(1494, 32415943, '伞哥哥与小肥宅', '但是你这打call挂着就好了', '负面'),(1495, 32415943, '天真小居居', '中奖喷雾', '中性'),(1496, 32415943, '妖精吃不惯和尚的斋', '我还是比较喜欢中 天选', '正面'),(1497, 32415943, '伞哥哥与小肥宅', '你发水晶球我就冲榜[吃瓜]', '中性'),(1498, 32415943, '魔导师-心情不定版', '互动出感情都送回去了[dog]', '正面'),(1499, 32415943, '稀梨兔与杰瑞鼠', '好了[dog]头像换完了[dog]', '中性'),(1500, 32415943, '稀梨兔与杰瑞鼠', '装洗', '负面'),(1501, 32415943, '妖精吃不惯和尚的斋', '没', '字数不足'),(1502, 32415943, '妖精吃不惯和尚的斋', '我手不抖', '负面'),(1503, 32415943, '安一元', '下时段人气榜榜一冲冲冲～', '负面'),(1504, 32415943, 'Ang丨暖儿', '下时段人气榜榜一冲冲冲～', '负面'),(1505, 32415943, '天真小居居', '下时段人气榜榜一冲冲冲～', '负面'),(1506, 32415943, '岚夜雨', '下时段人气榜榜一冲冲冲～', '负面'),(1507, 32415943, '为正义付出多大代价呢', '下时段人气榜榜一冲冲冲～', '负面'),(1508, 32415943, '四大皆空六尘飞', '下时段人气榜榜一冲冲冲～', '负面'),(1509, 32415943, '一一顾倾音', '下时段人气榜榜一冲冲冲～', '负面'),(1510, 32415943, '三等分的哪托', '下时段人气榜榜一冲冲冲～', '负面'),(1511, 32415943, '四大皆空六尘飞', '？？？？？？', '负面'),(1512, 32415943, '囗布丁丶', '下时段人气榜榜一冲冲冲～', '负面'),(1513, 32415943, '2014的181', '下时段人气榜榜一冲冲冲～', '负面'),(1514, 32415943, '妖精吃不惯和尚的斋', '我心狠手辣', '正面'),(1515, 32415943, 'V尚官门汀Jん', '下时段人气榜榜一冲冲冲～', '负面'),(1516, 32415943, '四大皆空六尘飞', '这是啥玩意[鬼魂]', '负面'),(1517, 32415943, '孤佳冷沫的沫', '下时段人气榜榜一冲冲冲～', '负面'),(1518, 32415943, '小浣熊是我的', '下时段人气榜榜一冲冲冲～', '负面'),(1519, 32415943, '伞哥哥与小肥宅', '下时段人气榜榜一冲冲冲～', '负面'),(1520, 32415943, '后山手残的老林', '下时段人气榜榜一冲冲冲～', '负面'),(1521, 32415943, '伊月的小橘孑', '下时段人气榜榜一冲冲冲～', '负面'),(1522, 32415943, '总会遗忘的', '下时段人气榜榜一冲冲冲～', '负面'),(1523, 32415943, '稀梨兔与杰瑞鼠', '下时段人气榜榜一冲冲冲～', '负面'),(1524, 32415943, '囗布丁丶', '这是b站送的红包[大笑]', '中性'),(1525, 32415943, '魔导师-心情不定版', '下时段人气榜榜一冲冲冲～', '负面'),(1526, 32415943, '伞哥哥与小肥宅', '这红包小的离谱', '负面'),(1527, 32415943, '稀梨兔与杰瑞鼠', '全是人气票也[dog]', '负面'),(1528, 32415943, '伞哥哥与小肥宅', '弹幕都不想发了', '中性'),(1529, 32415943, '为正义付出多大代价呢', '垃圾红包', '负面'),(1530, 32415943, '稀梨兔与杰瑞鼠', '398张人气票', '负面'),(1531, 32415943, '深-藏功与名', '下时段人气榜榜一冲冲冲～', '负面'),(1532, 32415943, '哦力油哦你个大头', '关注了好汀', '正面'),(1533, 32415943, '四大皆空六尘飞', '让你一直打第一[偷笑]', '中性'),(1534, 32415943, '为正义付出多大代价呢', '大部分还要退回去', '负面'),(1535, 32415943, '元气大牧师', '下时段人气榜榜一冲冲冲～', '负面'),(1536, 32415943, '稀梨兔与杰瑞鼠', '还有一个花花和一个牛蛙', '正面'),(1537, 32415943, '囗布丁丶', '这意思全是人气票  等着打下一个时间段的第一[大笑]', '正面'),(1538, 32415943, 'bili_94865689149', '下时段人气榜榜一冲冲冲～', '负面'),(1539, 32415943, 'bili_46091437', '支持一下😅', '正面'),(1540, 32415943, '暴走喇叭', '下时段人气榜榜一冲冲冲～', '负面'),(1541, 32415943, '让我听一下嘛', '下时段人气榜榜一冲冲冲～', '负面'),(1542, 32415943, '伞哥哥与小肥宅', '浪费红包次数', '负面'),(1543, 32415943, 'bili_46091437', '下时段人气榜榜一冲冲冲～', '负面'),(1544, 32415943, '妖精吃不惯和尚的斋', '哈哈', '中性'),(1545, 32415943, '四大皆空六尘飞', '哪有400个人来抢？[大笑]笑死', '正面'),(1546, 32415943, '哦力油哦你个大头', '下时段人气榜榜一冲冲冲～', '负面'),(1547, 32415943, '狮子列奥', '下时段人气榜榜一冲冲冲～', '负面'),(1548, 32415943, '为正义付出多大代价呢', '扣的要死', '负面'),(1549, 32415943, '妖精吃不惯和尚的斋', '主打一个省钱', '负面'),(1550, 32415943, 'bili_94865689149', '关注了好汀', '正面'),(1551, 32415943, '峡谷霸王龙', '主播吃饭了没啊🥶', '负面'),(1552, 32415943, '咸鱼粗面呀', '下时段人气榜榜一冲冲冲～', '负面'),(1553, 32415943, '雨下一整晚1986', '支持一下', '正面'),(1554, 32415943, '酥大怪', '直播间好多人啊', '负面'),(1555, 32415943, '番茄可爱成了番茄酱', '下时段人气榜榜一冲冲冲～', '负面'),(1556, 32415943, '两平一侧', '直播间好多人啊🙃', '负面'),(1557, 32415943, '奇奇my', '发财小手点关注😠', '正面'),(1558, 32415943, '远点369', '好', '字数不足'),(1559, 32415943, '远方268', '👍', '字数不足'),(1560, 32415943, 'dbnvdbbg', '66666🤬', '中性'),(1561, 32415943, '永宁门今年万事定称心', '66666😳', '中性'),(1562, 32415943, '云腾jcg', '直播间好多人啊', '负面'),(1563, 32415943, '魔导师-心情不定版', '抢不早还能回收', '负面'),(1564, 32415943, 'Ffhjbbhhj', '66666🤤', '中性'),(1565, 32415943, '龙塔山大大王', '哈哈🙃', '中性'),(1566, 32415943, '咸鱼粗面呀', '中奖喷雾', '中性'),(1567, 32415943, 'huifeicnnd', '哈哈', '中性'),(1568, 32415943, '盐煮梅子', '下时段人气榜榜一冲冲冲～', '负面'),(1569, 32415943, '远方的21', '赞一个', '正面'),(1570, 32415943, '走了没有96', '赞', '字数不足'),(1571, 32415943, '雨下一整晚1986', '下时段人气榜榜一冲冲冲～', '负面'),(1572, 32415943, 'F单行线', '直播间好多人啊😡', '负面'),(1573, 32415943, '酥大怪', '下时段人气榜榜一冲冲冲～', '负面'),(1574, 32415943, 'bili_38510222877', '1111🥲', '中性'),(1575, 32415943, '稀梨兔与杰瑞鼠', '哈哈哈', '正面'),(1576, 32415943, '咸鱼粗面呀', '比心', '中性'),(1577, 32415943, '熊熊得天下', '.。。。。。。😴', '中性'),(1578, 32415943, '奇奇my', '下时段人气榜榜一冲冲冲～', '负面'),(1579, 32415943, '咸鱼粗面呀', 'mua', '中性'),(1580, 32415943, '龙塔山大大王', '下时段人气榜榜一冲冲冲～', '负面'),(1581, 32415943, '人生何处不相云', '这是真的还是假的😞', '正面'),(1582, 32415943, '永宁门今年万事定称心', '下时段人气榜榜一冲冲冲～', '负面'),(1583, 32415943, '我特么也是醉了', '厉害👍', '负面'),(1584, 32415943, '云腾jcg', '下时段人气榜榜一冲冲冲～', '负面'),(1585, 32415943, '阿么33', '哈哈', '中性'),(1586, 32415943, '母后蘑菇钉', '直播间好多人啊🥰', '负面'),(1587, 32415943, '咸鱼粗面呀', '咸鱼翻身', '负面'),(1588, 32415943, 'h枝繁叶茂', '支持一下🥶', '正面'),(1589, 32415943, '毕凤池', '66666😫', '中性'),(1590, 32415943, '逗逗393', 'hao', '中性'),(1591, 32415943, '风雨同赤', '关注了好汀', '正面'),(1592, 32415943, '孤独爱', '支持一下🙃', '正面'),(1593, 32415943, 'vbbnbvcc', '直播间好多人啊😡', '负面'),(1594, 32415943, 'Vggvvbjkk', '直播间好多人啊😲', '负面'),(1595, 32415943, 'jfgkgghjc', '直播间好多人啊😄', '负面'),(1596, 32415943, '来了来了来了提', '66666😛', '中性'),(1597, 32415943, '八而已8', '直播间好多人啊😏', '负面'),(1598, 32415943, '伤口撒盐5', '6666', '中性'),(1599, 32415943, 'fhfcvgw', '直播间好多人啊😬', '负面'),(1600, 32415943, '阿诺我', '哈哈', '中性'),(1601, 32415943, '暖心欢喜_', '下时段人气榜榜一冲冲冲～', '负面'),(1602, 32415943, '嘿哈哈虎', '好', '字数不足'),(1603, 32415943, 'bili_66289300695', '11111😜', '中性'),(1604, 32415943, '拉莫33', '好多人', '正面'),(1605, 32415943, '咸鱼粗面呀', '2333', '中性'),(1606, 32415943, '峨嵋slit', '哈 哈哈 哈哈? 哈哈🙃', '中性'),(1607, 32415943, '隆林林33', '赞', '字数不足'),(1608, 32415943, 'gcxjjdsawe', '支持一下😑', '正面'),(1609, 32415943, '我的唯一动力', '支持一下😝', '正面'),(1610, 32415943, '荷花你有多少', '老板大气666😪', '正面'),(1611, 32415943, '阿成333333', '6666', '中性'),(1612, 32415943, '阿成哥哥333', '6666', '中性'),(1613, 32415943, '人生何处不相云', '下时段人气榜榜一冲冲冲～', '负面'),(1614, 32415943, '咸鱼粗面呀', '这个好耶', '中性'),(1615, 32415943, 'FF逆水寒', '支持一下😌', '正面'),(1616, 32415943, '熊熊得天下', '下时段人气榜榜一冲冲冲～', '负面'),(1617, 32415943, '咸鱼粗面呀', 'upup', '中性'),(1618, 32415943, '伤口撒盐5', '下时段人气榜榜一冲冲冲～', '负面'),(1619, 32415943, 'Vggvvbjkk', '下时段人气榜榜一冲冲冲～', '负面'),(1620, 32415943, '无情的雨阿鹿', '哈哈😉', '中性'),(1621, 32415943, '君临天下来', '一级棒🧐', '正面'),(1622, 32415943, '峨嵋slit', '下时段人气榜榜一冲冲冲～', '负面'),(1623, 32415943, '拉莫33', '下时段人气榜榜一冲冲冲～', '负面'),(1624, 32415943, '付008808', '路过支持一下😟', '正面'),(1625, 32415943, '咸鱼粗面呀', '龙重登场', '正面'),(1626, 32415943, '嘿哈哈虎', '下时段人气榜榜一冲冲冲～', '负面'),(1627, 32415943, '隆林林33', '下时段人气榜榜一冲冲冲～', '负面'),(1628, 32415943, '阿成哥哥333', '下时段人气榜榜一冲冲冲～', '负面'),(1629, 32415943, '荷花你有多少', '下时段人气榜榜一冲冲冲～', '负面'),(1630, 32415943, '阿成333333', '下时段人气榜榜一冲冲冲～', '负面'),(1631, 32415943, '咸鱼粗面呀', '妙啊', '正面'),(1632, 32415943, '无情的雨阿鹿', '下时段人气榜榜一冲冲冲～', '负面'),(1633, 32415943, '君临天下来', '下时段人气榜榜一冲冲冲～', '负面'),(1634, 32415943, '付008808', '下时段人气榜榜一冲冲冲～', '负面'),(1635, 32415943, '四大皆空六尘飞', '这波必须给阿b点个大大的赞，抠搜的太精明了[大笑]', '正面'),(1636, 32415943, '岚夜雨', '离谱[吃瓜]', '负面'),(1637, 32415943, '岚夜雨', '下时段人气榜榜一冲冲冲～', '负面'),(1638, 32415943, '天真小居居', '下时段人气榜榜一冲冲冲～', '负面'),(1639, 32415943, '囗布丁丶', '下时段人气榜榜一冲冲冲～', '负面'),(1640, 32415943, '盐煮梅子', '下时段人气榜榜一冲冲冲～', '负面'),(1641, 32415943, '暖心欢喜_', '下时段人气榜榜一冲冲冲～', '负面'),(1642, 32415943, '让我听一下嘛', '下时段人气榜榜一冲冲冲～', '负面'),(1643, 32415943, '伊月的小橘孑', '下时段人气榜榜一冲冲冲～', '负面'),(1644, 32415943, 'Ang丨暖儿', '下时段人气榜榜一冲冲冲～', '负面'),(1645, 32415943, '一念就沉醉', '下时段人气榜榜一冲冲冲～', '负面'),(1646, 32415943, '小浣熊是我的', '下时段人气榜榜一冲冲冲～', '负面'),(1647, 32415943, '孤佳冷沫的沫', '下时段人气榜榜一冲冲冲～', '负面'),(1648, 32415943, '为正义付出多大代价呢', '下时段人气榜榜一冲冲冲～', '负面'),(1649, 32415943, '总会遗忘的', '下时段人气榜榜一冲冲冲～', '负面'),(1650, 32415943, '2014的181', '下时段人气榜榜一冲冲冲～', '负面'),(1651, 32415943, '四大皆空六尘飞', '小花花都是头奖，能中小花花堪比水晶球了[妙]', '正面'),(1652, 32415943, '狮子列奥', '下时段人气榜榜一冲冲冲～', '负面'),(1653, 32415943, 'kbsssssssssss', '下时段人气榜榜一冲冲冲～', '负面'),(1654, 32415943, '魔导师-心情不定版', '我tm天选之人，花给我了', '中性'),(1655, 32415943, '音白米花萌奈oL', '下时段人气榜榜一冲冲冲～', '负面'),(1656, 32415943, '洛羽汎', '下时段人气榜榜一冲冲冲～', '负面'),(1657, 32415943, '三等分的哪托', '下时段人气榜榜一冲冲冲～', '负面'),(1658, 32415943, '别啊我害羞', '点歌 向云端', '正面'),(1659, 32415943, 'xin33010', '下时段人气榜榜一冲冲冲～', '负面'),(1660, 32415943, '魔导师-心情不定版', '下时段人气榜榜一冲冲冲～', '负面'),(1661, 32415943, '四大皆空六尘飞', '[妙][妙][妙]魔导师6啊', '正面'),(1662, 32415943, '后山手残的老林', '下时段人气榜榜一冲冲冲～', '负面'),(1663, 32415943, '魔导师-心情不定版', '我水晶球呢', '正面'),(1664, 32415943, '伞哥哥与小肥宅', '敲，回主播手里了', '负面'),(1665, 32415943, '别啊我害羞', '没看到我牌子', '负面'),(1666, 32415943, '身患懒癌拖延症', '下时段人气榜榜一冲冲冲～', '负面'),(1667, 32415943, '咸鱼粗面呀', '下时段人气榜榜一冲冲冲～', '负面'),(1668, 32415943, 'jfgkgghjc', '支持一下😆', '正面'),(1669, 32415943, 'vbbnbvcc', '66666🤗', '中性'),(1670, 32415943, '暴走喇叭', '下时段人气榜榜一冲冲冲～', '负面'),(1671, 32415943, '别啊我害羞', '那我也没点啊', '负面'),(1672, 32415943, '深-藏功与名', '下时段人气榜榜一冲冲冲～', '负面'),(1673, 32415943, '妖精吃不惯和尚的斋', '巴嘎', '中性'),(1674, 32415943, 'jfgkgghjc', '下时段人气榜榜一冲冲冲～', '负面'),(1675, 32415943, 'a微微g', '点 点歌 点歌  点歌 向 点歌 向', '正面'),(1676, 32415943, '妖精吃不惯和尚的斋', '没中', '中性'),(1677, 32415943, '母后蘑菇钉', '66666🤕', '中性'),(1678, 32415943, '抱紧被子等雪归', '下时段人气榜榜一冲冲冲～', '负面'),(1679, 32415943, '河南大学nb', '下时段人气榜榜一冲冲冲～', '负面'),(1680, 32415943, 'a微微g', '下时段人气榜榜一冲冲冲～', '负面'),(1681, 32415943, '音白米花萌奈oL', '光年之外？', '中性'),(1682, 32415943, 'BJGZAKVC', '66666🤤', '中性'),(1683, 32415943, 'Ffhjbbhhj', '66666😕', '中性'),(1684, 32415943, 'fhfcvgw', '66666🥰', '中性'),(1685, 32415943, '黑历史保管中心', '下时段人气榜榜一冲冲冲～', '负面'),(1686, 32415943, '音白米花萌奈oL', '听过', '中性'),(1687, 32415943, 'BJGZAKVC', '下时段人气榜榜一冲冲冲～', '负面'),(1688, 32415943, '标飞', '泰裤辣', '中性'),(1689, 32415943, '人生何处不蜂狂', '直播间好多人啊😷', '负面'),(1690, 32415943, '标飞', '这个好耶', '中性'),(1691, 32415943, 'huifeicnnd', '哈哈', '中性'),(1692, 32415943, 'v我139给姐姐上船', '下时段人气榜榜一冲冲冲～', '负面'),(1693, 32415943, '13而已1号', '66666😤', '中性'),(1694, 32415943, '无法无天的我啊', '下时段人气榜榜一冲冲冲～', '负面'),(1695, 32415943, '标飞', '笑死', '中性'),(1696, 32415943, '别啊我害羞', '记得 点歌向云端', '正面'),(1697, 32415943, '嘟嘟雨一嘟嘟', '老板大气谢谢老板', '正面'),(1698, 32415943, '标飞', '打call', '负面'),(1699, 32415943, '稀梨兔与杰瑞鼠', '光年之外好啊[dog]', '正面'),(1700, 32415943, '棲雲', '下时段人气榜榜一冲冲冲～', '负面'),(1701, 32415943, '稀梨兔与杰瑞鼠', '好久没听了', '中性'),(1702, 32415943, '嘟嘟雨一嘟嘟', '下时段人气榜榜一冲冲冲～', '负面'),(1703, 32415943, '标飞', 'what', '中性'),(1704, 32415943, '标飞', '保熟吗', '中性'),(1705, 32415943, '囗布丁丶', '关注了好汀', '正面'),(1706, 32415943, '别啊我害羞', '嘿今天卡的哦', '负面'),(1707, 23159873, '芙兰冠希', '主播你好', '中性'),(1708, 32415943, '音白米花萌奈oL', '关注了好汀', '正面'),(1709, 32415943, '幻影飞船', '关注了好汀', '正面'),(1710, 32415943, '稀梨兔与杰瑞鼠', '关注了好汀', '正面'),(1711, 32415943, '盐煮梅子', '关注了好汀', '正面'),(1712, 32415943, 'Ang丨暖儿', '关注了好汀', '正面'),(1713, 32415943, '伊月的小橘孑', '关注了好汀', '正面'),(1714, 32415943, '一念就沉醉', '关注了好汀', '正面'),(1715, 23159873, '芙兰冠希', '请问可以做我的模特吗？', '负面'),(1716, 32415943, '总会遗忘的', '关注了好汀', '正面'),(1717, 32415943, '番茄可爱成了番茄酱', '关注了好汀', '正面'),(1718, 32415943, '洛羽汎', '关注了好汀', '正面'),(1719, 32415943, 'jdbv9753', '关注了好汀', '正面'),(1720, 32415943, '囗布丁丶', '好好好', '正面'),(1721, 32415943, '别啊我害羞', '关注了好汀', '正面'),(1722, 32415943, '后山手残的老林', '关注了好汀', '正面'),(1723, 32415943, '深-藏功与名', '关注了好汀', '正面'),(1724, 32415943, '稀梨兔与杰瑞鼠', '打call1', '中性'),(1725, 32415943, '魔导师-心情不定版', '关注了好汀', '正面'),(1726, 32415943, '2014的181', '关注了好汀', '正面'),(1727, 32415943, '被炸干了一点不剩', '溜了溜了', '正面'),(1728, 32415943, '被炸干了一点不剩', '关注了好汀', '正面'),(1729, 32415943, '稀梨兔与杰瑞鼠', '打call1', '中性'),(1730, 32415943, '深遂流年的尘埃', '关注了好汀', '正面'),(1731, 32415943, '瓜瓜有个大宝贝', '关注了好汀', '正面'),(1732, 32415943, '魔导师-心情不定版', '这个天选内幕我吧，球球了', '正面'),(1733, 32415943, '狮子列奥', '关注了好汀', '正面'),(1734, 32415943, '魔法充电宝白玲', '关注了好汀', '正面'),(1735, 32415943, '稀梨兔与杰瑞鼠', '打call1', '中性'),(1736, 32415943, '微微不是威威', '关注了好汀', '正面'),(1737, 32415943, '三等分的哪托', '关注了好汀', '正面'),(1738, 23159873, '芙兰冠希', '又是被主播狠狠伤了的一天', '中性'),(1739, 32415943, '孤佳冷沫的沫', '关注了好汀', '正面'),(1740, 32415943, '岚夜雨', '关注了好汀', '正面'),(1741, 32415943, '冰糖葫芦微辣', '关注了好汀', '正面'),(1742, 32415943, '标飞', '关注了好汀', '正面'),(1743, 32415943, '星糖没点灯', '关注了好汀', '正面'),(1744, 32415943, '幻梦残声', '关注了好汀', '正面'),(1745, 32415943, '稀梨兔与杰瑞鼠', '打call1', '中性'),(1746, 32415943, '暖心欢喜_', '关注了好汀', '正面'),(1747, 32415943, 'xin33010', '关注了好汀', '正面'),(1748, 32415943, '做人最紧要系开心嘎', '新形象看着顺眼了', '正面'),(1749, 32415943, '一一顾倾音', '我是要你撒娇八连嘛', '正面'),(1750, 32415943, '一一顾倾音', '给我上伴奏', '中性'),(1751, 32415943, '一一顾倾音', '认真来', '中性'),(1752, 32415943, '一一顾倾音', '[摊手]那我去外面听', '负面'),(1753, 32415943, '一一顾倾音', '撒娇八连 伴奏搜啊', '正面'),(1754, 32415943, '一一顾倾音', '叫什么肥可', '负面'),(1755, 23159873, '3lol3', '话说主包有空吗', '中性'),(1756, 23159873, '3lol3', '想要挑战一下自己嘛[dog]', '正面'),(1757, 32415943, '囗布丁丶', '[大笑][大笑][大笑]', '正面'),(1758, 32415943, '囗布丁丶', '还得是一一硬气', '正面'),(1759, 23159873, '3lol3', '深渊我已经打了', '正面'),(1760, 32415943, '一一顾倾音', '不认真 我丢地上[无语]', '负面'),(1761, 23159873, '3lol3', '挑战自己=“恶心一下自己”', '中性'),(1762, 23159873, '3lol3', '[dog]', '中性'),(1763, 23159873, '3lol3', '猜对了', '正面'),(1764, 32415943, '幻影飞船', '暗中观察', '正面'),(1765, 23159873, '3lol3', '有想法试下最高难度的100%', '正面'),(1766, 32415943, '三等分的哪托', '[鬼刀·众生_好咯好咯]', '中性'),(1767, 23159873, '芙兰冠希', '龙王那个巨难', '正面'),(1768, 32415943, '一一顾倾音', '[傲娇]这不是挺好 还老是说自己不会', '中性'),(1769, 32415943, '稀梨兔与杰瑞鼠', '[dog]', '中性'),(1770, 32415943, 'Kevin_李', '[2233娘_大笑]', '正面'),(1771, 32415943, '稀梨兔与杰瑞鼠', '那是去卡个灯牌[dog]', '中性'),(1772, 23159873, '专业挖煤工大白', '待会要有空清个包[花]', '负面'),(1773, 23159873, '358955', '主播，雷神264的充能够了吗', '中性'),(1774, 32415943, '一一顾倾音', '老虎', '中性'),(1775, 32415943, '一一顾倾音', '白虎[妙]', '正面'),(1776, 32415943, '三等分的哪托', '野猫', '中性'),(1777, 23159873, '专业挖煤工大白', '先给仆人凑一套，再绝缘，然后看着换就行[热]', '负面'),(1778, 32415943, '一一顾倾音', '橘猫', '中性'),(1779, 32415943, '三等分的哪托', '发情[妙]', '正面'),(1780, 32415943, '幻影飞船', '小野猫', '正面'),(1781, 32415943, '三等分的哪托', '发春[dog]', '负面'),(1782, 23159873, '358955', '雷神的专武是不是加充能啊？', '正面'),(1783, 32415943, '一一顾倾音', '发春', '中性');
UNLOCK TABLES;
COMMIT;
BEGIN;
LOCK TABLES `test`.`ai_book` WRITE;
DELETE FROM `test`.`ai_book`;
UNLOCK TABLES;
COMMIT;
BEGIN;
LOCK TABLES `test`.`ai_room` WRITE;
DELETE FROM `test`.`ai_room`;
INSERT INTO `test`.`ai_room` (`id`,`rood_id`) VALUES (1, 1319882),(2, 6136246),(3, 26568219),(4, 21678744),(5, 23870434),(6, 26298048),(7, 23159873),(8, 30714044),(9, 32415943),(10, 21852),(11, 21852),(12, 32164437);
UNLOCK TABLES;
COMMIT;
BEGIN;
LOCK TABLES `test`.`auth_group` WRITE;
DELETE FROM `test`.`auth_group`;
UNLOCK TABLES;
COMMIT;
BEGIN;
LOCK TABLES `test`.`auth_group_permissions` WRITE;
DELETE FROM `test`.`auth_group_permissions`;
UNLOCK TABLES;
COMMIT;
BEGIN;
LOCK TABLES `test`.`auth_permission` WRITE;
DELETE FROM `test`.`auth_permission`;
INSERT INTO `test`.`auth_permission` (`id`,`name`,`content_type_id`,`codename`) VALUES (1, 'Can add log entry', 1, 'add_logentry'),(2, 'Can change log entry', 1, 'change_logentry'),(3, 'Can delete log entry', 1, 'delete_logentry'),(4, 'Can view log entry', 1, 'view_logentry'),(5, 'Can add permission', 2, 'add_permission'),(6, 'Can change permission', 2, 'change_permission'),(7, 'Can delete permission', 2, 'delete_permission'),(8, 'Can view permission', 2, 'view_permission'),(9, 'Can add group', 3, 'add_group'),(10, 'Can change group', 3, 'change_group'),(11, 'Can delete group', 3, 'delete_group'),(12, 'Can view group', 3, 'view_group'),(13, 'Can add user', 4, 'add_user'),(14, 'Can change user', 4, 'change_user'),(15, 'Can delete user', 4, 'delete_user'),(16, 'Can view user', 4, 'view_user'),(17, 'Can add content type', 5, 'add_contenttype'),(18, 'Can change content type', 5, 'change_contenttype'),(19, 'Can delete content type', 5, 'delete_contenttype'),(20, 'Can view content type', 5, 'view_contenttype'),(21, 'Can add session', 6, 'add_session'),(22, 'Can change session', 6, 'change_session'),(23, 'Can delete session', 6, 'delete_session'),(24, 'Can view session', 6, 'view_session'),(25, 'Can add admin', 7, 'add_admin'),(26, 'Can change admin', 7, 'change_admin'),(27, 'Can delete admin', 7, 'delete_admin'),(28, 'Can view admin', 7, 'view_admin'),(29, 'Can add barrage', 8, 'add_barrage'),(30, 'Can change barrage', 8, 'change_barrage'),(31, 'Can delete barrage', 8, 'delete_barrage'),(32, 'Can view barrage', 8, 'view_barrage'),(33, 'Can add book', 9, 'add_book'),(34, 'Can change book', 9, 'change_book'),(35, 'Can delete book', 9, 'delete_book'),(36, 'Can view book', 9, 'view_book'),(37, 'Can add room', 10, 'add_room'),(38, 'Can change room', 10, 'change_room'),(39, 'Can delete room', 10, 'delete_room'),(40, 'Can view room', 10, 'view_room');
UNLOCK TABLES;
COMMIT;
BEGIN;
LOCK TABLES `test`.`auth_user` WRITE;
DELETE FROM `test`.`auth_user`;
UNLOCK TABLES;
COMMIT;
BEGIN;
LOCK TABLES `test`.`auth_user_groups` WRITE;
DELETE FROM `test`.`auth_user_groups`;
UNLOCK TABLES;
COMMIT;
BEGIN;
LOCK TABLES `test`.`auth_user_user_permissions` WRITE;
DELETE FROM `test`.`auth_user_user_permissions`;
UNLOCK TABLES;
COMMIT;
BEGIN;
LOCK TABLES `test`.`django_admin_log` WRITE;
DELETE FROM `test`.`django_admin_log`;
UNLOCK TABLES;
COMMIT;
BEGIN;
LOCK TABLES `test`.`django_content_type` WRITE;
DELETE FROM `test`.`django_content_type`;
INSERT INTO `test`.`django_content_type` (`id`,`app_label`,`model`) VALUES (1, 'admin', 'logentry'),(7, 'ai', 'admin'),(8, 'ai', 'barrage'),(9, 'ai', 'book'),(10, 'ai', 'room'),(3, 'auth', 'group'),(2, 'auth', 'permission'),(4, 'auth', 'user'),(5, 'contenttypes', 'contenttype'),(6, 'sessions', 'session');
UNLOCK TABLES;
COMMIT;
BEGIN;
LOCK TABLES `test`.`django_migrations` WRITE;
DELETE FROM `test`.`django_migrations`;
INSERT INTO `test`.`django_migrations` (`id`,`app`,`name`,`applied`) VALUES (1, 'ai', '0001_initial', '2024-03-27 13:17:12.021026'),(2, 'contenttypes', '0001_initial', '2024-03-27 13:23:29.748014'),(3, 'auth', '0001_initial', '2024-03-27 13:23:30.105278'),(4, 'admin', '0001_initial', '2024-03-27 13:23:30.201695'),(5, 'admin', '0002_logentry_remove_auto_add', '2024-03-27 13:23:30.207942'),(6, 'admin', '0003_logentry_add_action_flag_choices', '2024-03-27 13:23:30.213579'),(7, 'contenttypes', '0002_remove_content_type_name', '2024-03-27 13:23:30.274537'),(8, 'auth', '0002_alter_permission_name_max_length', '2024-03-27 13:23:30.319227'),(9, 'auth', '0003_alter_user_email_max_length', '2024-03-27 13:23:30.342254'),(10, 'auth', '0004_alter_user_username_opts', '2024-03-27 13:23:30.351319'),(11, 'auth', '0005_alter_user_last_login_null', '2024-03-27 13:23:30.393250'),(12, 'auth', '0006_require_contenttypes_0002', '2024-03-27 13:23:30.395219'),(13, 'auth', '0007_alter_validators_add_error_messages', '2024-03-27 13:23:30.402764'),(14, 'auth', '0008_alter_user_username_max_length', '2024-03-27 13:23:30.450158'),(15, 'auth', '0009_alter_user_last_name_max_length', '2024-03-27 13:23:30.500500'),(16, 'auth', '0010_alter_group_name_max_length', '2024-03-27 13:23:30.519074'),(17, 'auth', '0011_update_proxy_permissions', '2024-03-27 13:23:30.527100'),(18, 'auth', '0012_alter_user_first_name_max_length', '2024-03-27 13:23:30.572281'),(19, 'sessions', '0001_initial', '2024-03-27 13:23:30.594272'),(20, 'ai', '0002_room', '2024-05-02 01:13:37.707919');
UNLOCK TABLES;
COMMIT;
BEGIN;
LOCK TABLES `test`.`django_session` WRITE;
DELETE FROM `test`.`django_session`;
UNLOCK TABLES;
COMMIT;
BEGIN;
LOCK TABLES `test`.`room_id` WRITE;
DELETE FROM `test`.`room_id`;
INSERT INTO `test`.`room_id` (`id`,`rood_id`) VALUES (1, 1319882);
UNLOCK TABLES;
COMMIT;
